condition_code,condition_name_en,condition_name_vi,condition_group,nutrient_code,nutrient_name_en,nutrient_name_vi,rule_type,rule_direction,priority,threshold_value,threshold_unit,threshold_basis,applies_when,recommendation_en,recommendation_vi,food_filter_hint,clinical_caution_en,clinical_caution_vi,source_name,source_url,evidence_level,rule_id,source_accessed_at,row_hash
hypertension,Hypertension,Cao huyết áp,cardiovascular,sodium,Sodium,Natri,limit,lower,high,2300.0,mg/day,per_day,high_blood_pressure,Limit sodium intake to under 2300 mg/day (ideal limit 1500 mg/day for most adults).,Giới hạn lượng natri nạp vào dưới 2300 mg/ngày (mức lý tưởng là 1500 mg/ngày cho hầu hết người trưởng thành).,penalize_high_sodium,General guidance for hypertension. Individual targets may vary. CKD or heart failure patients must consult a doctor.,Hướng dẫn chung cho bệnh nhân cao huyết áp. Mục tiêu cá nhân có thể thay đổi. Bệnh nhân suy thận hoặc suy tim phải hỏi ý kiến bác sĩ.,American Heart Association,https://www.heart.org/en/health-topics/high-blood-pressure/changes-you-can-make-to-manage-high-blood-pressure/shaking-the-salt-habit-to-lower-high-blood-pressure,professional_association_guidance,hypertension_sodium_limit,2026-07-04T09:28:54Z,c32263b60ee33ac06126d150b2c22be1
hypertension,Hypertension,Cao huyết áp,cardiovascular,saturated_fat,Saturated Fat,Chất béo bão hòa,limit,lower,medium,10.0,percent_calories,percent_of_daily_calories,general_adult_guidance,Limit saturated fat to less than 10% of daily energy intake.,Giới hạn chất béo bão hòa dưới 10% tổng năng lượng nạp vào hàng ngày.,penalize_saturated_fat,Use for general MVP filtering. Confirm target calories with a dietitian.,Sử dụng cho bộ lọc MVP chung. Xác nhận lượng calo mục tiêu với chuyên gia dinh dưỡng.,WHO Guidelines,https://www.who.int/news-room/fact-sheets/detail/healthy-diet,official_guideline,hypertension_saturated_fat_limit,2026-07-04T09:28:54Z,780903531962264adf63156a15a1deb1
hypertension,Hypertension,Cao huyết áp,cardiovascular,potassium,Potassium,Kali,prioritize,higher,medium,3500.0,mg/day,per_day,high_blood_pressure,Prioritize potassium-rich foods to help lower blood pressure in adults with high blood pressure.,Ưu tiên các thực phẩm giàu kali để giúp hạ huyết áp ở người trưởng thành bị cao huyết áp.,prioritize_potassium,Patients with chronic kidney disease (CKD) or taking potassium-sparing medications must NOT increase potassium without doctor guidance.,Bệnh nhân suy thận mạn (CKD) hoặc đang dùng thuốc giữ kali KHÔNG được tăng lượng kali mà không có hướng dẫn của bác sĩ.,WHO Potassium Intake Guidelines,https://www.who.int/publications/i/item/9789241504829,official_guideline,hypertension_potassium_prioritize,2026-07-04T09:28:54Z,444be9a44507db6bceb694f24f834f6a
hypertension,Hypertension,Cao huyết áp,cardiovascular,fiber,Dietary Fiber,Chất xơ,prioritize,higher,medium,25.0,g/day,per_day,high_blood_pressure,"Prioritize high-fiber foods such as whole grains, vegetables, and fruits as part of a DASH-style diet.","Ưu tiên thực phẩm giàu chất xơ như ngũ cốc nguyên hạt, rau quả như một phần của chế độ ăn DASH.",prioritize_high_fiber,Increase fiber intake gradually with adequate fluid intake to avoid gastrointestinal discomfort.,Tăng lượng chất xơ từ từ cùng với việc uống đủ nước để tránh khó chịu đường tiêu hóa.,NIH NHLBI DASH Eating Plan,https://www.nhlbi.nih.gov/education/dash-eating-plan,official_public_health_page,hypertension_fiber_prioritize,2026-07-04T09:28:54Z,9a3ccd81d04c2ddf14a5afde2ab4ab28
hypertension,Hypertension,Cao huyết áp,cardiovascular,magnesium,Magnesium,Magiê,prioritize,higher,medium,310.0,mg/day,per_day,high_blood_pressure,Ensure adequate magnesium intake (310-420 mg/day) to support healthy vascular function and blood pressure control.,Đảm bảo bổ sung đủ magiê (310-420 mg/ngày) để hỗ trợ chức năng mạch máu và kiểm soát huyết áp.,prioritize_magnesium,Excessive magnesium from supplements can cause adverse effects; prefer whole food dietary sources.,Thừa magiê từ các thực phẩm bổ sung có thể gây tác dụng phụ; ưu tiên nguồn thực phẩm tự nhiên.,NIH Office of Dietary Supplements,https://ods.od.nih.gov/factsheets/Magnesium-HealthProfessional/,official_public_health_page,hypertension_magnesium_prioritize,2026-07-04T09:28:54Z,98d32ae3bf5996cce1d4d1e364e118f7
hypertension,Hypertension,Cao huyết áp,cardiovascular,calcium,Calcium,Canxi,prioritize,higher,low,1000.0,mg/day,per_day,high_blood_pressure,Maintain standard calcium intake (1000 mg/day) to support DASH eating plan benefits for blood pressure.,Duy trì lượng canxi tiêu chuẩn (1000 mg/ngày) để hỗ trợ lợi ích hạ huyết áp của chế độ ăn DASH.,prioritize_calcium,Consult a physician if you have hypercalcemia or kidney stones before supplementing.,Tham khảo ý kiến bác sĩ nếu bị tăng canxi máu hoặc sỏi thận trước khi bổ sung thêm.,NIH NHLBI DASH Diet Guidance,https://www.nhlbi.nih.gov/education/dash-eating-plan,official_public_health_page,hypertension_calcium_prioritize,2026-07-04T09:28:54Z,aa891de835da0814a84167b4988d4f9d
hyperlipidemia,Hyperlipidemia,Rối loạn mỡ máu,cardiovascular,saturated_fat,Saturated Fat,Chất béo bão hòa,limit,lower,high,6.0,percent_calories,percent_of_daily_calories,high_blood_pressure,Limit saturated fat to 5% to 6% of daily calories for individuals needing to lower LDL cholesterol.,Giới hạn chất béo bão hòa ở mức 5% đến 6% tổng lượng calo hàng ngày cho người cần giảm cholesterol LDL.,penalize_saturated_fat,Consult a physician or dietitian to calculate daily calorie targets for this limit.,Tham khảo ý kiến bác sĩ hoặc chuyên gia dinh dưỡng để tính toán lượng calo mục tiêu hàng ngày.,American Heart Association,https://www.heart.org/en/healthy-living/healthy-eating/eat-smart/fats/saturated-fats,professional_association_guidance,hyperlipidemia_saturated_fat_limit,2026-07-04T09:28:54Z,3ec40678556ce40911db8bd0ee8d2726
hyperlipidemia,Hyperlipidemia,Rối loạn mỡ máu,cardiovascular,trans_fat,Trans Fat,Chất béo chuyển hóa,avoid,avoid,high,0.0,g/day,per_day,general_adult_guidance,Completely avoid trans fats and hydrogenated oils to protect blood vessels.,Tránh hoàn toàn chất béo chuyển hóa và dầu hydro hóa để bảo vệ mạch máu.,avoid_trans_fat,Read food labels carefully; trans fats significantly increase heart disease risk.,Đọc kỹ nhãn thực phẩm; chất béo chuyển hóa làm tăng đáng kể nguy cơ bệnh tim.,WHO Guidelines on Fats,https://www.who.int/news-room/fact-sheets/detail/fats-and-fatty-acids,official_guideline,hyperlipidemia_trans_fat_avoid,2026-07-04T09:28:54Z,5e1a38bd6726da6f7b2c21300c6aee5d
hyperlipidemia,Hyperlipidemia,Rối loạn mỡ máu,cardiovascular,fiber,Dietary Fiber,Chất xơ,prioritize,higher,medium,25.0,g/day,per_day,general_adult_guidance,Ensure adequate soluble fiber intake to assist in lowering blood cholesterol levels.,Đảm bảo bổ sung đủ chất xơ hòa tan để hỗ trợ giảm nồng độ cholesterol trong máu.,prioritize_high_fiber,Soluble fiber binds to bile acids in the gut to reduce cholesterol absorption.,Chất xơ hòa tan liên kết với axit mật trong ruột để giảm hấp thụ cholesterol.,American Heart Association Diet Recommendations,https://www.heart.org/en/healthy-living/healthy-eating/eat-smart/nutrition-basics/aha-diet-and-lifestyle-recommendations,professional_association_guidance,hyperlipidemia_fiber_prioritize,2026-07-04T09:28:54Z,e4b1087c8a1a1c98a595a7211f1af943
hyperlipidemia,Hyperlipidemia,Rối loạn mỡ máu,cardiovascular,cholesterol,Dietary Cholesterol,Cholesterol chế độ ăn,monitor,monitor,low,,individualized,individualized,blood_test_dependent,"Monitor dietary cholesterol intake, especially if you have hypercholesterolemia or diabetes.","Theo dõi lượng cholesterol nạp vào, đặc biệt nếu bạn bị tăng cholesterol máu hoặc tiểu đường.",monitor_cholesterol,"General guidance. While saturated fats impact blood lipids more, dietary cholesterol should still be monitored in hyper-responders.","Hướng dẫn chung. Dù chất béo bão hòa ảnh hưởng nhiều hơn đến lipid máu, cholesterol ăn vào vẫn nên theo dõi ở người nhạy cảm.",AHA/ACC Dietary Guidelines,https://www.ahajournals.org/doi/10.1161/CIR.0000000000000732,professional_association_guidance,hyperlipidemia_cholesterol_monitor,2026-07-04T09:28:54Z,62e0d3853b8aa4f3757a73940b080b01
cardiovascular_risk,Cardiovascular Risk,Nguy cơ tim mạch,cardiovascular,trans_fat,Trans Fat,Chất béo chuyển hóa,avoid,avoid,high,0.0,g/day,per_day,general_adult_guidance,Eliminate partially hydrogenated oils and trans fats from the diet to protect vascular integrity.,Loại bỏ dầu hydro hóa một phần và chất béo chuyển hóa khỏi chế độ ăn để bảo vệ mạch máu.,avoid_trans_fat,"Saturated fat is a risk factor, but industrial trans fat is an absolute toxin for heart health.","Chất béo bão hòa là yếu tố nguy cơ, nhưng chất béo chuyển hóa công nghiệp là chất độc đối với tim mạch.",WHO REPLACE Action Package,https://www.who.int/teams/nutrition-and-food-safety/replace-trans-fat,official_guideline,cardiovascular_risk_trans_fat_avoid,2026-07-04T09:28:54Z,efe9b66dd11723fb51cc2c5b5727c882
cardiovascular_risk,Cardiovascular Risk,Nguy cơ tim mạch,cardiovascular,added_sugar,Added Sugar,Đường thêm vào,limit,lower,medium,10.0,percent_calories,percent_of_daily_calories,general_adult_guidance,Limit added sugars to under 10% of daily calories to lower triglycerides and obesity risk.,Hạn chế đường thêm vào dưới 10% năng lượng hàng ngày để giảm triglyceride và nguy cơ béo phì.,penalize_added_sugar,Excessive simple sugars are associated with atherosclerosis risk factors.,Thừa đường đơn có liên quan đến các yếu tố nguy cơ gây xơ vữa động mạch.,AHA Added Sugars Scientific Statement,https://www.ahajournals.org/doi/10.1161/cir.0b013e3181bbc3ed,professional_association_guidance,cardiovascular_risk_added_sugar_limit,2026-07-04T09:28:54Z,ba332b54e80ad478a784773743494a7e
cardiovascular_risk,Cardiovascular Risk,Nguy cơ tim mạch,cardiovascular,omega_3,Omega-3 Fatty Acids,Axit béo Omega-3,prioritize,higher,medium,250.0,mg/day,per_day,general_adult_guidance,Prioritize dietary EPA and DHA sources (such as fatty fish) to support cardioprotection.,Ưu tiên các nguồn EPA và DHA từ chế độ ăn (như cá béo) để hỗ trợ bảo vệ tim mạch.,prioritize_omega_3,High-dose supplements should be monitored due to potential mild blood-thinning effects.,Thực phẩm bổ sung liều cao phải theo dõi do có tác dụng làm loãng máu nhẹ.,AHA Omega-3 Advisory,https://www.ahajournals.org/doi/10.1161/CIR.0000000000000482,professional_association_guidance,cardiovascular_risk_omega_3_prioritize,2026-07-04T09:28:54Z,91396ced9b77529cc1eac1315ca8a959
heart_failure,Heart Failure,Suy tim,cardiovascular,sodium,Sodium,Natri,limit,lower,high,2000.0,mg/day,per_day,doctor_or_dietitian_required,Strictly limit sodium to under 2000 mg/day to reduce fluid retention and cardiac workload.,Hạn chế nghiêm ngặt natri dưới 2000 mg/ngày để giảm tích tụ dịch và gánh nặng cho tim.,penalize_high_sodium,Heart failure patients must receive individualized targets from their cardiologist. Extreme restriction (<1500mg) is controversial in some stages.,Bệnh nhân suy tim phải nhận mục tiêu cá nhân từ bác sĩ tim mạch. Giới hạn quá mức (<1500mg) gây tranh cãi ở một số giai đoạn.,ACC/AHA Heart Failure Guidelines,https://www.jacc.org/doi/10.1016/j.jacc.2022.02.010,professional_association_guidance,heart_failure_sodium_limit,2026-07-04T09:28:54Z,6c906195241550f0d0a2a44a0c84cc79
heart_failure,Heart Failure,Suy tim,cardiovascular,water,Fluid / Water,Nước,individualize,individualized,high,,individualized,individualized,doctor_or_dietitian_required,Monitor and limit total fluid intake under doctor supervision to prevent fluid overload.,Theo dõi và hạn chế tổng lượng nước uống dưới sự giám sát của bác sĩ để ngăn thừa dịch.,monitor_fluids,Fluid limits (e.g. 1.5 - 2.0 L/day) are stage-dependent and must be prescribed by a physician.,Giới hạn dịch (ví dụ 1.5 - 2.0 lít/ngày) tùy thuộc giai đoạn bệnh và phải do bác sĩ chỉ định.,AHA Heart Failure Care,https://www.jacc.org/doi/10.1016/j.jacc.2022.02.010,professional_association_guidance,heart_failure_water_individualize,2026-07-04T09:28:54Z,52a52101ad86bd940df9679c0151c154
stroke_risk,Stroke Risk,Nguy cơ đột quỵ,cardiovascular,sodium,Sodium,Natri,limit,lower,high,2300.0,mg/day,per_day,high_blood_pressure,Limit sodium intake to manage hypertension and reduce primary stroke risk.,Giới hạn lượng natri để kiểm soát cao huyết áp và giảm nguy cơ đột quỵ nguyên phát.,penalize_high_sodium,Control of systolic blood pressure is the single most important dietary-related factor for stroke prevention.,Kiểm soát huyết áp tâm thu là yếu tố liên quan đến chế độ ăn uống quan trọng nhất để phòng ngừa đột quỵ.,AHA/ASA Stroke Prevention Guidelines,https://www.ahajournals.org/doi/10.1161/STR.0000000000000350,professional_association_guidance,stroke_risk_sodium_limit,2026-07-04T09:28:54Z,d91dc58a08527684359382bbd7d51a94
prediabetes,Prediabetes,Tiền tiểu đường,metabolic,carbohydrate,Carbohydrates,Carbohydrate,monitor,monitor,high,,individualized,individualized,diabetes_meal_planning,"Monitor carbohydrate portions and focus on complex, high-fiber carbohydrates.","Theo dõi khẩu phần carbohydrate và tập trung vào các nguồn carb phức hợp, giàu chất xơ.",monitor_total_carbs,Do NOT completely avoid carbohydrates. Choose high-fiber grains over refined options.,KHÔNG tránh hoàn toàn carbohydrate. Chọn ngũ cốc giàu chất xơ thay vì ngũ cốc tinh chế.,ADA Standards of Care,https://diabetesjournals.org/care/article/46/Supplement_1/S49/148043/3-Prevention-or-Delay-of-Type-2-Diabetes-and,professional_association_guidance,prediabetes_carbohydrate_monitor,2026-07-04T09:28:54Z,5950f2b47bdd415421ce5806430a2cb8
prediabetes,Prediabetes,Tiền tiểu đường,metabolic,sugar_sweetened_beverage,Sugar-Sweetened Beverages,Đồ uống có đường,avoid,avoid,high,0.0,g/day,per_day,diabetes_meal_planning,Completely avoid sugar-sweetened beverages to reduce glycemic load and hepatic fat.,Tránh hoàn toàn đồ uống có đường để giảm tải đường huyết và tích tụ mỡ gan.,penalize_added_sugar,Sweetened drinks contribute directly to insulin resistance development.,Đồ uống ngọt góp phần trực tiếp vào sự phát triển của tình trạng kháng insulin.,ADA Prevention Guidelines,https://diabetesjournals.org/care/article/46/Supplement_1/S49/148043/3-Prevention-or-Delay-of-Type-2-Diabetes-and,professional_association_guidance,prediabetes_sugar_sweetened_beverage_avoid,2026-07-04T09:28:54Z,4e650d0ba0af3d3abd1994e47a176e3b
diabetes_type_2,Type 2 Diabetes,Tiểu đường type 2,metabolic,carbohydrate,Carbohydrates,Carbohydrate,monitor,monitor,high,,individualized,individualized,diabetes_meal_planning,"Monitor total carbohydrate intake and distribute throughout the day. Prioritize high-fiber, low-glycemic sources.",Theo dõi tổng lượng carbohydrate nạp vào và phân bổ đều trong ngày. Ưu tiên chất xơ và tinh bột hấp thu chậm.,monitor_total_carbs,Do NOT avoid all carbohydrates. Work with a certified diabetes educator to set personalized carb targets per meal.,KHÔNG tránh hoàn toàn carbohydrate. Hãy trao đổi với chuyên gia nội tiết để xác định lượng carbs phù hợp cho từng bữa ăn.,American Diabetes Association,https://professional.diabetes.org/consensus-statements/nutrition-therapy-adults-diabetes-or-prediabetes,professional_association_guidance,diabetes_type_2_carbohydrate_monitor,2026-07-04T09:28:54Z,ef400a960277affdb2bd651420a02906
diabetes_type_2,Type 2 Diabetes,Tiểu đường type 2,metabolic,added_sugar,Added Sugar,Đường thêm vào,limit,lower,high,10.0,percent_calories,percent_of_daily_calories,diabetes_meal_planning,"Limit added sugars to less than 10% of total energy intake, and avoid sugar-sweetened beverages.",Giới hạn đường thêm vào dưới 10% tổng năng lượng nạp vào và tránh các loại đồ uống có đường.,penalize_added_sugar,Sugar restriction helps manage glycemic index fluctuations and body weight.,Hạn chế đường giúp kiểm soát tốt chỉ số đường huyết và trọng lượng cơ thể.,CDC Diabetes Food Guide,https://www.cdc.gov/diabetes/healthy-eating/index.html,official_public_health_page,diabetes_type_2_added_sugar_limit,2026-07-04T09:28:54Z,32db10d4ca773fb52b49ad471c4a43d4
diabetes_type_2,Type 2 Diabetes,Tiểu đường type 2,metabolic,refined_grain,Refined Grains,Ngũ cốc tinh chế,limit,lower,medium,,individualized,individualized,diabetes_meal_planning,"Limit refined grains (white bread, white rice) and replace with minimally processed whole grains.","Hạn chế ngũ cốc tinh chế (bánh mì trắng, gạo trắng) và thay thế bằng ngũ cốc nguyên hạt ít chế biến.",penalize_refined_grains,Refined grains cause rapid blood glucose spikes compared to whole grains.,Ngũ cốc tinh chế gây tăng huyết đường nhanh hơn so với ngũ cốc nguyên hạt.,ADA Nutrition Recommendations,https://diabetesjournals.org/care/article/42/5/731/36679/Nutrition-Therapy-for-Adults-With-Diabetes-or,professional_association_guidance,diabetes_type_2_refined_grain_limit,2026-07-04T09:28:54Z,545b09cf521df307bf880674df7a2d9f
diabetes_type_1,Type 1 Diabetes,Tiểu đường type 1,metabolic,carbohydrate,Carbohydrates,Carbohydrate,monitor,monitor,high,,individualized,individualized,diabetes_meal_planning,Track carbohydrate intake precisely for insulin-to-carbohydrate ratio dosing calculations.,Theo dõi chính xác lượng carbohydrate nạp vào để phục vụ tính toán tỷ lệ insulin-to-carb.,monitor_total_carbs,Carbohydrate tracking must coordinate directly with insulin therapy. Do NOT avoid all carbohydrates.,Theo dõi carbohydrate phải phối hợp trực tiếp với liệu pháp insulin. KHÔNG tránh hoàn toàn carbohydrate.,ADA Standards of Care - Diabetes Nutrition,https://diabetesjournals.org/care/article/46/Supplement_1/S49/148043/,professional_association_guidance,diabetes_type_1_carbohydrate_monitor,2026-07-04T09:28:54Z,c19ee7289fbe61717d27db5fec096094
obesity,Obesity,Béo phì,weight_management,calories,Calories,Calo,monitor,monitor,high,,kcal/day,individualized,weight_loss_goal,"Monitor total calorie intake to maintain a safe, individualized calorie deficit.","Theo dõi tổng lượng calo nạp vào để duy trì mức thâm hụt calo an toàn, được cá nhân hóa.",monitor_calories,Do NOT prescribe extreme calorie deficits. Safe targets must support metabolic health.,KHÔNG áp dụng thâm hụt calo quá mức. Mục tiêu an toàn phải hỗ trợ sức khỏe trao đổi chất.,CDC Weight Loss Eating Plan,https://www.cdc.gov/healthyweight/healthy_eating/index.html,official_public_health_page,obesity_calories_monitor,2026-07-04T09:28:54Z,0366abb1d340a436c992a7ead3066a67
obesity,Obesity,Béo phì,weight_management,ultra_processed_food,Ultra-processed Foods,Thực phẩm siêu chế biến,limit,lower,medium,,individualized,individualized,weight_loss_goal,Limit consumption of ultra-processed foods which are hyper-palatable and promote overeating.,Hạn chế tiêu thụ thực phẩm siêu chế biến vốn kích thích vị giác mạnh và dễ dẫn đến ăn quá mức.,penalize_ultra_processed,"Substitute processed snacks with whole foods (nuts, fruits, vegetables).","Thay thế đồ ăn nhẹ chế biến bằng thực phẩm nguyên bản (các loại hạt, trái cây, rau).",Dietary Guidelines for Americans,https://www.dietaryguidelines.gov/,official_guideline,obesity_ultra_processed_food_limit,2026-07-04T09:28:54Z,a4c2318a833917e7cb772a6f38bbdd82
metabolic_syndrome,Metabolic Syndrome,Hội chứng chuyển hóa,metabolic,added_sugar,Added Sugar,Đường thêm vào,limit,lower,high,10.0,percent_calories,percent_of_daily_calories,general_adult_guidance,Restrict added sugars to prevent worsening of insulin resistance and dyslipidemia.,Hạn chế đường thêm vào để ngăn tình trạng kháng insulin và rối loạn mỡ máu tồi tệ hơn.,penalize_added_sugar,Metabolic syndrome involves clustering of heart disease and diabetes risk factors.,Hội chứng chuyển hóa bao gồm nhóm các yếu tố nguy cơ gây bệnh tim và tiểu đường.,AHA/NHLBI Scientific Statement,https://www.ahajournals.org/doi/10.1161/circulationaha.105.169404,professional_association_guidance,metabolic_syndrome_added_sugar_limit,2026-07-04T09:28:54Z,f139a2c58b94fc8e2d146af5ad573c66
fatty_liver_nafld,Non-alcoholic Fatty Liver Disease,Gan nhiễm mỡ không do rượu,metabolic,alcohol,Alcohol,Rượu / Cồn,avoid,avoid,high,0.0,g/day,per_day,doctor_or_dietitian_required,Strictly avoid alcohol consumption to prevent progression to steatohepatitis.,Tránh tuyệt đối uống rượu bia để ngăn tiến triển thành viêm gan nhiễm mỡ.,avoid_alcohol,NAFLD diagnosis increases vulnerability to toxic effects of ethanol.,Chẩn đoán bệnh gan nhiễm mỡ làm tăng khả năng bị tổn thương do cồn.,AASLD Practice Guidelines,https://www.aasld.org/practice-guidelines,professional_association_guidance,fatty_liver_nafld_alcohol_avoid,2026-07-04T09:28:54Z,8c64af23660438fbf71f531d29b90743
fatty_liver_nafld,Non-alcoholic Fatty Liver Disease,Gan nhiễm mỡ không do rượu,metabolic,added_sugar,Added Sugar,Đường thêm vào,limit,lower,high,10.0,percent_calories,percent_of_daily_calories,general_adult_guidance,"Limit added sugars, particularly high-fructose corn syrup, to minimize de novo lipogenesis in the liver.","Hạn chế đường thêm vào, đặc biệt là siro ngô cao đường để giảm thiểu tạo mỡ mới tại gan.",penalize_added_sugar,"Fructose is metabolized exclusively in the liver, promoting hepatic fat accumulation.","Fructose được chuyển hóa duy nhất tại gan, kích thích tích tụ mỡ gan.",AASLD NAFLD Guidelines,https://www.aasld.org/practice-guidelines,professional_association_guidance,fatty_liver_nafld_added_sugar_limit,2026-07-04T09:28:54Z,24816de2176ec84ac7e7c99484c5c7f9
chronic_kidney_disease,Chronic Kidney Disease,Suy thận mạn,kidney,sodium,Sodium,Natri,limit,lower,high,2300.0,mg/day,per_day,ckd_stage_dependent,Limit sodium to under 2300 mg/day to help control blood pressure and swelling.,Giới hạn natri dưới 2300 mg/ngày để kiểm soát huyết áp và tình trạng phù nề.,penalize_high_sodium,Universal guidance for CKD. Monitor blood pressure and fluid balance.,Hướng dẫn chung cho bệnh nhân suy thận mạn. Theo dõi huyết áp và cân bằng dịch.,National Kidney Foundation,https://www.kidney.org/nutrition/Kidney-Disease-Stages-1-4-Nutrition,professional_association_guidance,chronic_kidney_disease_sodium_limit,2026-07-04T09:28:54Z,40eb4606d14f66a021ef6c430d022912
chronic_kidney_disease,Chronic Kidney Disease,Suy thận mạn,kidney,potassium,Potassium,Kali,individualize,individualized,high,,individualized,individualized,ckd_stage_dependent,Monitor and adjust potassium intake based on lab results and clinical guidance.,Theo dõi và điều chỉnh lượng kali dựa trên kết quả xét nghiệm và hướng dẫn lâm sàng.,ckd_monitor_potassium,"No universal limit. High blood potassium is life-threatening, but restrictions are only needed if blood levels are high.","Không có giới hạn chung. Tăng kali máu gây nguy hiểm tính mạng, nhưng chỉ hạn chế nếu nồng độ kali trong máu tăng cao.",National Kidney Foundation Nutrition,https://www.kidney.org/atoz/content/potassium,professional_association_guidance,chronic_kidney_disease_potassium_individualize,2026-07-04T09:28:54Z,4ac30f0b9410cf8e09f969aff1ed48a3
chronic_kidney_disease,Chronic Kidney Disease,Suy thận mạn,kidney,phosphorus,Phosphorus,Phốt pho,individualize,individualized,high,,individualized,individualized,ckd_stage_dependent,Monitor phosphorus intake and limit organic/inorganic phosphate additives as stage advances.,Theo dõi lượng phốt pho và hạn chế chất phụ gia phốt phát khi bệnh tiến triển.,ckd_monitor_phosphorus,Phosphate control is highly individualized. Excessive blood phosphorus weakens bones and damages blood vessels.,Kiểm soát phốt pho mang tính cá nhân hóa cao. Tăng phốt pho máu làm yếu xương và hỏng mạch máu.,National Kidney Foundation Nutrition,https://www.kidney.org/atoz/content/phosphorus,professional_association_guidance,chronic_kidney_disease_phosphorus_individualize,2026-07-04T09:28:54Z,56a20a665aa4b736571b781df0bbf17a
chronic_kidney_disease,Chronic Kidney Disease,Suy thận mạn,kidney,protein,Protein,Đạm,individualize,individualized,high,,individualized,individualized,ckd_stage_dependent,Individualize protein intake to avoid taxing the kidneys (non-dialysis stages) or support dialysate losses.,Cá nhân hóa lượng đạm để tránh quá tải cho thận (giai đoạn chưa lọc máu) hoặc bù đắp lượng đạm mất đi khi lọc máu.,ckd_individualize_protein,Protein needs differ drastically between pre-dialysis stage (requires restriction) and dialysis stage (requires higher intake).,Nhu cầu đạm khác nhau hoàn toàn giữa giai đoạn tiền lọc máu (cần hạn chế) và lọc máu (cần đạm cao).,National Institute of Diabetes and Digestive and Kidney Diseases,https://www.niddk.nih.gov/health-information/kidney-disease/chronic-kidney-disease-ckd/eating-right,official_public_health_page,chronic_kidney_disease_protein_individualize,2026-07-04T09:28:54Z,14bfd66f34b719d8ab4f65af2e81151c
chronic_kidney_disease,Chronic Kidney Disease,Suy thận mạn,kidney,water,Fluid / Water,Nước,individualize,individualized,high,,individualized,individualized,ckd_stage_dependent,Monitor total fluid intake and limit when swelling or dialysis requirements dictate.,Theo dõi tổng lượng nước uống và hạn chế khi có tình trạng phù hoặc yêu cầu lọc máu.,monitor_fluids,Fluid targets are strictly stage-dependent. Only restrict fluid when directed by your renal clinician.,Mục tiêu uống nước tùy thuộc nghiêm ngặt vào giai đoạn bệnh. Chỉ hạn chế khi bác sĩ thận khuyên dùng.,NIDDK Kidney Disease Information,https://www.niddk.nih.gov/health-information/kidney-disease/chronic-kidney-disease-ckd/eating-right,official_public_health_page,chronic_kidney_disease_water_individualize,2026-07-04T09:28:54Z,2cbb9bcaa4cd382b2675dbfa93ed6977
chronic_kidney_disease,Chronic Kidney Disease,Suy thận mạn,kidney,calcium,Calcium,Canxi,individualize,individualized,medium,,individualized,individualized,ckd_stage_dependent,Monitor calcium intake to avoid vascular calcification or mineral bone disorder.,Theo dõi lượng canxi nạp vào để tránh tình trạng vôi hóa mạch máu hoặc rối loạn xương khoáng chất.,ckd_monitor_calcium,CKD alters calcium-phosphorus balance. Targets should be individualized.,Bệnh thận làm thay đổi sự cân bằng canxi-phốt pho. Mục tiêu canxi phải được cá nhân hóa.,National Kidney Foundation,https://www.kidney.org/nutrition/Kidney-Disease-Stages-1-4-Nutrition,professional_association_guidance,chronic_kidney_disease_calcium_individualize,2026-07-04T09:28:54Z,d5c0c74e35e49e8c5573555081917cf5
kidney_stone_risk,Kidney Stone Risk,Nguy cơ sỏi thận,kidney,water,Water / Hydration,Nước,prioritize,higher,high,2500.0,ml/day,per_day,general_adult_guidance,Prioritize high water intake (at least 2.5 liters/day) to dilute urine and prevent stone formation.,Ưu tiên uống nhiều nước (ít nhất 2.5 lít/ngày) để làm loãng nước tiểu và ngăn ngừa hình thành sỏi.,prioritize_hydration,Ensure constant hydration throughout the day. Patients with heart or kidney failure should consult a doctor before increasing fluids.,Đảm bảo uống nước đều trong ngày. Bệnh nhân suy tim hoặc suy thận nên hỏi ý kiến bác sĩ trước khi tăng nước.,NIDDK Kidney Stones Guide,https://www.niddk.nih.gov/health-information/urologic-diseases/kidney-stones/eating-diet-nutrition,official_public_health_page,kidney_stone_risk_water_prioritize,2026-07-04T09:28:54Z,b99f37a06633ad6e058a5368efab47d1
kidney_stone_risk,Kidney Stone Risk,Nguy cơ sỏi thận,kidney,sodium,Sodium,Natri,limit,lower,medium,2300.0,mg/day,per_day,general_adult_guidance,"Limit sodium intake. High sodium increases the amount of calcium excreted in urine, raising stone risk.","Hạn chế lượng muối. Natri cao làm tăng lượng canxi bài tiết qua nước tiểu, làm tăng nguy cơ sỏi.",penalize_high_sodium,Lowering sodium helps prevent calcium-based kidney stones.,Giảm muối giúp phòng ngừa sỏi thận dạng canxi.,NIDDK Kidney Stones Diet,https://www.niddk.nih.gov/health-information/urologic-diseases/kidney-stones/eating-diet-nutrition,official_public_health_page,kidney_stone_risk_sodium_limit,2026-07-04T09:28:54Z,875aaf94c34112ab779a0b6db85aa6d5
kidney_stone_risk,Kidney Stone Risk,Nguy cơ sỏi thận,kidney,calcium,Calcium,Canxi,monitor,monitor,medium,1000.0,mg/day,per_day,general_adult_guidance,Maintain normal dietary calcium intake (1000-1200 mg/day) to bind oxalate in the intestines.,Duy trì lượng canxi từ chế độ ăn bình thường (1000-1200 mg/ngày) để liên kết oxalate trong ruột.,monitor_calcium,Do NOT restrict dietary calcium; low calcium intake actually increases stone risk because more oxalate is absorbed.,KHÔNG hạn chế canxi ăn vào; lượng canxi thấp thực tế lại làm tăng nguy cơ sỏi do nhiều oxalate được hấp thu hơn.,NIDDK Kidney Stones Diet,https://www.niddk.nih.gov/health-information/urologic-diseases/kidney-stones/eating-diet-nutrition,official_public_health_page,kidney_stone_risk_calcium_monitor,2026-07-04T09:28:54Z,550d6cd933e995feb162071e78547c00
gerd,GERD / Acid Reflux,Trào ngược dạ dày thực quản,digestive,caffeine,Caffeine,Caffeine,limit,lower,medium,,individualized,individualized,general_adult_guidance,"Limit caffeine intake (coffee, tea, soda) as it may relax the lower esophageal sphincter.","Hạn chế caffeine (cà phê, trà, soda) vì nó có thể làm giãn cơ vòng thực quản dưới.",penalize_caffeine,Caffeine sensitivity is highly individual. Adjust based on symptoms.,Độ nhạy cảm với caffeine mang tính cá nhân cao. Điều chỉnh dựa trên các triệu chứng.,NIDDK GERD Diet Guide,https://www.niddk.nih.gov/health-information/digestive-diseases/acid-reflux-ger-gerd-adults/eating-diet-nutrition,official_public_health_page,gerd_caffeine_limit,2026-07-04T09:28:54Z,64de7ed4ca80059a5579458e361b301f
gerd,GERD / Acid Reflux,Trào ngược dạ dày thực quản,digestive,total_fat,Total Fat,Tổng lượng chất béo,moderate,lower,medium,,individualized,individualized,general_adult_guidance,"Limit high-fat foods and large fatty meals, which delay stomach emptying.",Hạn chế thực phẩm nhiều chất béo và các bữa ăn nhiều dầu mỡ lớn gây chậm làm rỗng dạ dày.,penalize_high_fat,Fatty meals increase reflux symptoms by prolonging gastric distension.,Các bữa ăn nhiều béo làm tăng triệu chứng trào ngược do kéo dài thời gian căng dạ dày.,NIDDK GERD Eating Guide,https://www.niddk.nih.gov/health-information/digestive-diseases/acid-reflux-ger-gerd-adults/eating-diet-nutrition,official_public_health_page,gerd_total_fat_moderate,2026-07-04T09:28:54Z,1e184ce999cfd7f6ce3d4896f0a0dcc3
gerd,GERD / Acid Reflux,Trào ngược dạ dày thực quản,digestive,alcohol,Alcohol,Rượu / Cồn,limit,lower,medium,0.0,g/day,per_day,general_adult_guidance,Limit or avoid alcohol consumption to reduce lower esophageal sphincter relaxation.,Hạn chế hoặc tránh đồ uống có cồn để giảm sự giãn nở cơ thực quản dưới.,avoid_alcohol,Alcohol acts directly on the esophageal lining and aggravates reflux.,Cồn tác động trực tiếp lên niêm mạc thực quản và làm trầm trọng thêm chứng trào ngược.,NIDDK Acid Reflux Guidance,https://www.niddk.nih.gov/health-information/digestive-diseases/acid-reflux-ger-gerd-adults/eating-diet-nutrition,official_public_health_page,gerd_alcohol_limit,2026-07-04T09:28:54Z,a270db81a5beabe935fc843b6a8906fe
constipation,Constipation,Táo bón,digestive,fiber,Dietary Fiber,Chất xơ,prioritize,higher,high,25.0,g/day,per_day,general_adult_guidance,"Increase dietary fiber intake to help create softer, bulkier stools.",Tăng lượng chất xơ trong khẩu phần ăn để giúp phân mềm và xốp hơn.,prioritize_high_fiber,Fiber must be accompanied by adequate hydration to prevent worsening obstruction.,Chất xơ phải đi kèm với uống đủ nước để ngăn táo bón nặng hơn.,NIDDK Constipation Diet Guide,https://www.niddk.nih.gov/health-information/digestive-diseases/constipation/eating-diet-nutrition,official_public_health_page,constipation_fiber_prioritize,2026-07-04T09:28:54Z,1db66ce1d38044fba33a789347cbe2f9
constipation,Constipation,Táo bón,digestive,water,Water / Fluids,Nước,prioritize,higher,high,2000.0,ml/day,per_day,general_adult_guidance,Ensure a minimum water intake of 2.0 liters daily to keep stools hydrated and promote bowel movement.,Đảm bảo uống ít nhất 2.0 lít nước mỗi ngày để giữ ẩm cho phân và hỗ trợ nhu động ruột.,prioritize_hydration,"If you have fluid-restricting disorders (heart/kidney failure), consult a doctor first.","Nếu bạn mắc các bệnh hạn chế dịch (suy tim/thận), hãy hỏi ý kiến bác sĩ trước.",NIDDK Constipation Nutrition,https://www.niddk.nih.gov/health-information/digestive-diseases/constipation/eating-diet-nutrition,official_public_health_page,constipation_water_prioritize,2026-07-04T09:28:54Z,e8e88d08127bdbddbce0c7f6e1dd361b
ibs_sensitive_digestion,Irritable Bowel Syndrome / Sensitive Digestion,Hội chứng ruột kích thích / Tiêu hóa nhạy cảm,digestive,caffeine,Caffeine,Caffeine,moderate,lower,medium,,individualized,individualized,general_adult_guidance,"Moderate or limit caffeine intake, which can stimulate gut motility and trigger spasms.","Tiết chế hoặc giới hạn lượng caffeine, chất có thể kích thích nhu động ruột và gây co thắt.",penalize_caffeine,Track symptoms to detect individual triggers.,Theo dõi các triệu chứng để phát hiện các tác nhân kích thích cá nhân.,NIDDK IBS Diet Guide,https://www.niddk.nih.gov/health-information/digestive-diseases/irritable-bowel-syndrome-ibs/eating-diet-nutrition,official_public_health_page,ibs_sensitive_digestion_caffeine_moderate,2026-07-04T09:28:54Z,4ba794a1388e29ea086838bfa75dd0ab
osteoporosis_risk,Osteoporosis Risk,Nguy cơ loãng xương,bone_health,calcium,Calcium,Canxi,prioritize,higher,high,1200.0,mg/day,per_day,general_adult_guidance,Ensure adequate dietary calcium intake (1000-1200 mg/day depending on age/gender) to preserve bone mineral density.,Đảm bảo lượng canxi từ chế độ ăn uống (1000-1200 mg/ngày tùy theo tuổi/giới) để bảo vệ mật độ xương.,prioritize_calcium,Do not exceed the upper limit (2000-2500 mg/day) due to cardiovascular and kidney stone risks. Patients with CKD require dietitian guidance.,Không vượt quá giới hạn tối đa (2000-2500 mg/ngày) do nguy cơ tim mạch và sỏi thận. Bệnh nhân suy thận cần hướng dẫn của chuyên gia.,NIH Office of Dietary Supplements,https://ods.od.nih.gov/factsheets/Calcium-HealthProfessional/,official_public_health_page,osteoporosis_risk_calcium_prioritize,2026-07-04T09:28:54Z,6b1a35f996ea90eb6bbd66021c36b0ee
osteoporosis_risk,Osteoporosis Risk,Nguy cơ loãng xương,bone_health,vitamin_d,Vitamin D,Vitamin D,prioritize,higher,high,15.0,mcg/day,per_day,general_adult_guidance,Prioritize vitamin D rich foods (and safe sun exposure) to facilitate calcium absorption (600-800 IU/day).,Ưu tiên thực phẩm giàu vitamin D (và tiếp xúc nắng an toàn) để tăng hấp thu canxi (600-800 IU/ngày).,prioritize_vitamin_d,High-dose supplementation requires medical monitoring of blood levels.,Việc bổ sung thực phẩm chức năng liều cao cần được theo dõi lâm sàng.,NIH Office of Dietary Supplements,https://ods.od.nih.gov/factsheets/VitaminD-HealthProfessional/,official_public_health_page,osteoporosis_risk_vitamin_d_prioritize,2026-07-04T09:28:54Z,e3804a478b997ab68f13b6f0d6897a16
osteoporosis_risk,Osteoporosis Risk,Nguy cơ loãng xương,bone_health,sodium,Sodium,Natri,limit,lower,low,2300.0,mg/day,per_day,general_adult_guidance,"Moderate sodium intake, as high sodium intake can increase urinary calcium excretion.","Tiết chế lượng natri nạp vào, do ăn nhiều muối có thể làm tăng đào thải canxi qua nước tiểu.",penalize_high_sodium,Lowering sodium intake is beneficial for both blood pressure and calcium balance.,Giảm muối có lợi cho cả kiểm soát huyết áp và duy trì canxi.,NIH Osteoporosis Guidelines,https://www.bones.nih.gov/health-info/bone/osteoporosis/overview,official_public_health_page,osteoporosis_risk_sodium_limit,2026-07-04T09:28:54Z,612598aa36e09a616b542af9da414cb5
anemia_iron_deficiency,Iron Deficiency Anemia,Thiếu máu thiếu sắt,blood_health,iron,Iron,Sắt,prioritize,higher,high,18.0,mg/day,per_day,blood_test_dependent,Prioritize iron-rich foods (heme and non-heme iron) along with vitamin C sources to enhance absorption.,Ưu tiên thực phẩm giàu sắt (sắt heme và phi-heme) cùng với nguồn vitamin C để tăng hấp thu.,prioritize_iron_sources,Iron deficiency must be diagnosed via blood work. High doses of iron supplements should only be taken under medical supervision.,Thiếu máu thiếu sắt phải được chẩn đoán qua xét nghiệm máu. Việc bổ sung sắt liều cao phải theo chỉ định bác sĩ.,NIH Office of Dietary Supplements,https://ods.od.nih.gov/factsheets/Iron-HealthProfessional/,official_public_health_page,anemia_iron_deficiency_iron_prioritize,2026-07-04T09:28:54Z,5d94bf6b54403a656e69a381806b708d
anemia_iron_deficiency,Iron Deficiency Anemia,Thiếu máu thiếu sắt,blood_health,folate,Folate / Vitamin B9,Folate / Vitamin B9,prioritize,higher,medium,400.0,mcg/day,per_day,general_adult_guidance,Ensure adequate folate intake (400 mcg DFE/day) to support healthy red blood cell production.,Đảm bảo bổ sung đủ folate (400 mcg DFE/ngày) để hỗ trợ quá trình sản sinh hồng cầu khỏe mạnh.,prioritize_folate,"Folate deficiency can cause megaloblastic anemia, similar to vitamin B12 deficiency.","Thiếu folate có thể gây ra bệnh thiếu máu hồng cầu to, tương tự như thiếu hụt vitamin B12.",NIH Office of Dietary Supplements Folate,https://ods.od.nih.gov/factsheets/Folate-HealthProfessional/,official_public_health_page,anemia_iron_deficiency_folate_prioritize,2026-07-04T09:28:54Z,3f826f690c813cd1d409fe38663f339d
anemia_iron_deficiency,Iron Deficiency Anemia,Thiếu máu thiếu sắt,blood_health,vitamin_b12,Vitamin B12,Vitamin B12,prioritize,higher,medium,2.4,mcg/day,per_day,general_adult_guidance,Prioritize foods rich in vitamin B12 (animal products or fortified foods) to support red blood cell formation.,Ưu tiên thực phẩm giàu vitamin B12 (sản phẩm từ động vật hoặc thực phẩm tăng cường) để hỗ trợ tạo hồng cầu.,prioritize_b12,Vegans and older adults are at higher risk of B12 deficiency and may require supplemental support.,Người ăn chay trường và người lớn tuổi có nguy cơ thiếu B12 cao hơn và có thể cần thực phẩm bổ sung.,NIH Office of Dietary Supplements Vitamin B12,https://ods.od.nih.gov/factsheets/VitaminB12-HealthProfessional/,official_public_health_page,anemia_iron_deficiency_vitamin_b12_prioritize,2026-07-04T09:28:54Z,265d53cda885847d4a45f5b3a25ba9da
vitamin_b12_deficiency_risk,Vitamin B12 Deficiency Risk,Nguy cơ thiếu Vitamin B12,blood_health,vitamin_b12,Vitamin B12,Vitamin B12,prioritize,higher,high,2.4,mcg/day,per_day,general_adult_guidance,Maintain dietary intake of vitamin B12 to prevent neurological issues and anemia.,Duy trì lượng vitamin B12 để tránh các vấn đề về thần kinh và thiếu máu.,prioritize_b12,Strict vegetarians must consume fortified foods or supplements to meet this requirement.,Người ăn chay nghiêm ngặt phải dùng thực phẩm tăng cường hoặc chất bổ sung để đáp ứng nhu cầu này.,NIH ODS Vitamin B12 Fact Sheet,https://ods.od.nih.gov/factsheets/VitaminB12-HealthProfessional/,official_public_health_page,vitamin_b12_deficiency_risk_vitamin_b12_prioritize,2026-07-04T09:28:54Z,bbbde99098d279d1036c4cafa58a3f5b
general_healthy_adult,General Healthy Adult,Người lớn khỏe mạnh bình thường,general,sodium,Sodium,Natri,limit,lower,medium,2000.0,mg/day,per_day,general_adult_guidance,Limit daily sodium intake to under 2000 mg to prevent blood pressure increases and stroke risk.,Giới hạn natri hàng ngày dưới 2000 mg để ngừa tăng huyết áp và giảm nguy cơ đột quỵ.,penalize_high_sodium,Public health target. Individual needs may differ. Consult a physician if diagnosed with cardiorenal disease.,Mục tiêu y tế công cộng. Nhu cầu cá nhân có thể khác. Hãy hỏi bác sĩ nếu mắc bệnh tim thận.,WHO Sodium Guidelines,https://www.who.int/publications/i/item/9789241504836,official_guideline,general_healthy_adult_sodium_limit,2026-07-04T09:28:54Z,d2d90dd8ec863b0417de59dca1623da2
general_healthy_adult,General Healthy Adult,Người lớn khỏe mạnh bình thường,general,added_sugar,Added Sugar,Đường thêm vào,limit,lower,medium,10.0,percent_calories,percent_of_daily_calories,general_adult_guidance,Restrict added sugars to under 10% of total daily energy intake for weight control.,Hạn chế đường thêm vào dưới 10% tổng năng lượng nạp vào hàng ngày để kiểm soát cân nặng.,penalize_added_sugar,A further reduction to below 5% provides additional health benefits.,Giảm thêm xuống dưới 5% sẽ mang lại nhiều lợi ích sức khỏe hơn.,WHO Sugar Intake Guidelines,https://www.who.int/publications/i/item/9789241549028,official_guideline,general_healthy_adult_added_sugar_limit,2026-07-04T09:28:54Z,0fda9e5a6d74608d02a9df22cefa8bc8
general_healthy_adult,General Healthy Adult,Người lớn khỏe mạnh bình thường,general,saturated_fat,Saturated Fat,Chất béo bão hòa,limit,lower,medium,10.0,percent_calories,percent_of_daily_calories,general_adult_guidance,"Limit saturated fat to under 10% of total daily calories, replacing with polyunsaturated fats.","Giới hạn chất béo bão hòa dưới 10% tổng lượng calo hàng ngày, thay bằng chất béo chưa bão hòa đa.",penalize_saturated_fat,AHA recommends 5-6% for high-risk cholesterol populations.,AHA khuyến nghị mức 5-6% cho các đối tượng có cholesterol nguy cơ cao.,WHO Guidelines on Dietary Fats,https://www.who.int/news-room/fact-sheets/detail/healthy-diet,official_guideline,general_healthy_adult_saturated_fat_limit,2026-07-04T09:28:54Z,51d4d475cb7de6b9cb8ffe2513337bbd
general_healthy_adult,General Healthy Adult,Người lớn khỏe mạnh bình thường,general,trans_fat,Trans Fat,Chất béo chuyển hóa,avoid,avoid,high,0.0,g/day,per_day,general_adult_guidance,Avoid artificial trans fats. Total trans fat should be less than 1% of total daily energy.,Tránh chất béo chuyển hóa nhân tạo. Tổng chất béo chuyển hóa nên dưới 1% năng lượng hàng ngày.,avoid_trans_fat,Avoid hydrogenated margarine and partially hydrogenated frying fats.,Tránh bơ thực vật hydro hóa và chất béo chiên hydro hóa một phần.,WHO Fats Recommendation,https://www.who.int/news-room/fact-sheets/detail/healthy-diet,official_guideline,general_healthy_adult_trans_fat_avoid,2026-07-04T09:28:54Z,c7ebe8ced36cb65eed864bc3a81aae3a
general_healthy_adult,General Healthy Adult,Người lớn khỏe mạnh bình thường,general,fiber,Dietary Fiber,Chất xơ,prioritize,higher,medium,25.0,g/day,per_day,general_adult_guidance,Consume at least 25 g of dietary fiber daily from whole plant foods.,Tiêu thụ ít nhất 25 g chất xơ hàng ngày từ thực phẩm nguồn gốc thực vật nguyên bản.,prioritize_high_fiber,Adequate hydration is necessary when dietary fiber intake is high.,Cần uống đủ nước khi tiêu thụ khẩu phần ăn nhiều chất xơ.,WHO Healthy Diet Fact Sheet,https://www.who.int/news-room/fact-sheets/detail/healthy-diet,official_guideline,general_healthy_adult_fiber_prioritize,2026-07-04T09:28:54Z,306b84dea59bbfd30771f1378af07668
general_healthy_adult,General Healthy Adult,Người lớn khỏe mạnh bình thường,general,water,Water / Fluids,Nước,prioritize,higher,medium,2000.0,ml/day,per_day,general_adult_guidance,Maintain a daily intake of at least 2 liters of fluid (water) to support hydration and cellular metabolic functions.,Duy trì lượng chất lỏng (nước) tối thiểu 2 lít mỗi ngày để đảm bảo cấp nước và hoạt động trao đổi chất.,prioritize_hydration,"Individual fluid requirements depend on climate, activity level, and clinical status.","Nhu cầu nước thực tế phụ thuộc vào khí hậu, mức vận động và tình trạng bệnh lý.",Dietary Guidelines for Americans,https://www.dietaryguidelines.gov/,official_guideline,general_healthy_adult_water_prioritize,2026-07-04T09:28:54Z,0739d2bcfa2a417eb5a4506716ef0695
elderly_nutrition_risk,Elderly Nutrition Risk,Nguy cơ dinh dưỡng ở người cao tuổi,general,protein,Protein,Đạm,prioritize,higher,high,1.0,g/kg/day,individualized,general_adult_guidance,Prioritize high-quality protein (1.0 to 1.2 g/kg body weight) to prevent sarcopenia (muscle loss) in older adults.,Ưu tiên đạm chất lượng cao (1.0 - 1.2 g/kg cân nặng) để ngừa suy giảm cơ bắp ở người lớn tuổi.,prioritize_protein,Sarcopenia is a major risk factor. Do NOT prescribe high protein if the user has chronic kidney disease.,Suy giảm cơ bắp là một nguy cơ lớn. KHÔNG áp dụng đạm cao nếu người dùng bị bệnh thận mạn tính.,NHS Elderly Eating Guidance,https://www.nhs.uk/live-well/eat-well/,local_reference,elderly_nutrition_risk_protein_prioritize,2026-07-04T09:28:54Z,c4f516324eeeeaf306fe78f1cbb7524a
elderly_nutrition_risk,Elderly Nutrition Risk,Nguy cơ dinh dưỡng ở người cao tuổi,general,calcium,Calcium,Canxi,prioritize,higher,medium,1200.0,mg/day,per_day,general_adult_guidance,Ensure daily calcium intake of 1200 mg/day for older adults to prevent accelerated bone loss.,Đảm bảo lượng canxi 1200 mg/ngày cho người cao tuổi để ngăn loãng xương tiến triển.,prioritize_calcium,Total intake from foods and supplements should not exceed upper limits.,Tổng canxi từ thực phẩm và viên uống không nên vượt quá giới hạn tối đa.,NIH Office of Dietary Supplements,https://ods.od.nih.gov/factsheets/Calcium-HealthProfessional/,official_public_health_page,elderly_nutrition_risk_calcium_prioritize,2026-07-04T09:28:54Z,29815e9976f5fda00d6fbebef481f403
elderly_nutrition_risk,Elderly Nutrition Risk,Nguy cơ dinh dưỡng ở người cao tuổi,general,vitamin_d,Vitamin D,Vitamin D,prioritize,higher,medium,20.0,mcg/day,per_day,general_adult_guidance,Ensure a vitamin D intake of 20 mcg (800 IU) daily to support calcium absorption in older adults.,Đảm bảo lượng vitamin D nạp vào đạt 20 mcg (800 IU) mỗi ngày để hỗ trợ hấp thu canxi ở người già.,prioritize_vitamin_d,Individual baseline deficiency should be evaluated via serum tests.,Tình trạng thiếu hụt cá nhân nên được đánh giá qua xét nghiệm máu.,NIH Office of Dietary Supplements,https://ods.od.nih.gov/factsheets/VitaminD-HealthProfessional/,official_public_health_page,elderly_nutrition_risk_vitamin_d_prioritize,2026-07-04T09:28:54Z,5c808b21fe642119e45f6a76902874f1
underweight_malnutrition_risk,Underweight / Malnutrition Risk,Thiếu cân / Nguy cơ suy dinh dưỡng,general,calories,Calories,Calo,prioritize,higher,high,,kcal/day,individualized,weight_loss_goal,"Prioritize nutrient-dense, calorie-dense foods to support safe weight gain and energy balance.",Ưu tiên các thực phẩm giàu dinh dưỡng và đậm đặc calo để hỗ trợ tăng cân an toàn và cân bằng năng lượng.,prioritize_calories,Severe malnutrition must be treated clinically to avoid refeeding syndrome. CKD patients must NOT over-consume protein.,Suy dinh dưỡng nặng phải được điều trị lâm sàng để tránh hội chứng nuôi ăn lại. Bệnh nhân suy thận KHÔNG được nạp quá nhiều đạm.,NHS Malnutrition Eating Guide,https://www.nhs.uk/conditions/malnutrition/,local_reference,underweight_malnutrition_risk_calories_prioritize,2026-07-04T09:28:54Z,90843de8080017a066e47656e3f69120
gout,Gout,Bệnh gout,general,purine,Purine,Nhân purin,limit,lower,high,,individualized,individualized,doctor_or_dietitian_required,"Limit high-purine foods (such as red meat, organ meats, and certain seafoods) to avoid uric acid spikes.","Hạn chế các thực phẩm giàu purine (như thịt đỏ, nội tạng và một số loại hải sản) để tránh bùng phát axit uric.",penalize_high_purine,"General guidance. Uric acid levels depend heavily on excretion. Avoid severe caloric restrictions, which can elevate uric acid.",Hướng dẫn chung. Nồng độ axit uric phụ thuộc nhiều vào đào thải. Tránh nhịn ăn quá mức vì có thể gây tăng axit uric.,NIAMS NIH Gout Info,https://www.niams.nih.gov/health-topics/gout,official_public_health_page,gout_purine_limit,2026-07-04T09:28:54Z,11a0813d5b34aebe6eae50304bfe8ca7
gout,Gout,Bệnh gout,general,alcohol,Alcohol,Rượu / Cồn,avoid,avoid,high,0.0,g/day,per_day,doctor_or_dietitian_required,"Avoid beer and spirits, which impair uric acid excretion and are high in guanosine (beer).","Tránh xa bia và rượu mạnh, những chất cản trở đào thải axit uric và chứa nhiều guanosine (ở bia).",avoid_alcohol,Alcohol dehydration increases susceptibility to acute gouty arthritis attacks.,Mất nước do cồn làm tăng khả năng bùng phát cơn viêm khớp gout cấp tính.,NIH Gout Guidelines,https://www.niams.nih.gov/health-topics/gout,official_public_health_page,gout_alcohol_avoid,2026-07-04T09:28:54Z,6cef28f0e5f8a592f67caa881783c73c
gout,Gout,Bệnh gout,general,added_sugar,Added Sugar,Đường thêm vào,limit,lower,medium,10.0,percent_calories,percent_of_daily_calories,general_adult_guidance,"Limit high-fructose corn syrup and added sugars, which stimulate purine synthesis.",Giới hạn lượng fructose cao và đường thêm vào vì chúng thúc đẩy quá trình tổng hợp purine.,penalize_added_sugar,"Fructose metabolism increases intracellular AMP, leading to uric acid production.","Chuyển hóa fructose làm tăng AMP nội bào, kích thích tạo axit uric.",NIH Gout Diet Info,https://www.niams.nih.gov/health-topics/gout,official_public_health_page,gout_added_sugar_limit,2026-07-04T09:28:54Z,2abd473c9f485a1289de80e9f3b94d30
high_uric_acid,High Uric Acid,Axit uric máu cao,general,water,Water / Fluids,Nước,prioritize,higher,high,2500.0,ml/day,per_day,general_adult_guidance,Prioritize high water consumption (2.5+ liters daily) to promote renal clearance of uric acid.,Ưu tiên uống nhiều nước (2.5+ lít mỗi ngày) để tăng cường đào thải axit uric qua thận.,prioritize_hydration,Ensure fluid intake is distributed throughout the day.,Đảm bảo lượng nước nạp vào được chia đều trong ngày.,NIH Gout and Uric Acid Info,https://www.niams.nih.gov/health-topics/gout,official_public_health_page,high_uric_acid_water_prioritize,2026-07-04T09:28:54Z,01cc3ae09046ecef368f64c99b2326a1
diabetes_type_2,Type 2 Diabetes,Tiểu đường type 2,metabolic,fiber,Dietary Fiber,Chất xơ,prioritize,higher,high,25.0,g/day,per_day,diabetes_meal_planning,Prioritize high-fiber foods to improve glycemic response and insulin sensitivity.,Ưu tiên thực phẩm giàu chất xơ để cải thiện phản hồi đường huyết và độ nhạy insulin.,prioritize_high_fiber,AHA/ADA recommend at least 14g of fiber per 1000 kcal.,AHA/ADA khuyến nghị ít nhất 14g chất xơ cho mỗi 1000 kcal.,ADA Standards of Care,https://professional.diabetes.org/consensus-statements/nutrition-therapy-adults-diabetes-or-prediabetes,professional_association_guidance,diabetes_type_2_fiber_prioritize,2026-07-04T09:28:54Z,3a322627e829a479902b25cb4e18ddc7
diabetes_type_2,Type 2 Diabetes,Tiểu đường type 2,metabolic,saturated_fat,Saturated Fat,Chất béo bão hòa,limit,lower,medium,10.0,percent_calories,percent_of_daily_calories,diabetes_meal_planning,Limit saturated fat to less than 10% of calories to reduce cardiovascular risk in diabetic patients.,Giới hạn chất béo bão hòa dưới 10% năng lượng để giảm nguy cơ tim mạch ở bệnh nhân tiểu đường.,penalize_saturated_fat,Replacing saturated fat with monounsaturated/polyunsaturated fats improves lipid profile.,Thay chất béo bão hòa bằng béo chưa bão hòa đơn/đa giúp cải thiện bộ mỡ máu.,ADA Saturated Fat Advice,https://professional.diabetes.org/consensus-statements/nutrition-therapy-adults-diabetes-or-prediabetes,professional_association_guidance,diabetes_type_2_saturated_fat_limit,2026-07-04T09:28:54Z,433597449efe50e8c0c15f1f43df7416
diabetes_type_2,Type 2 Diabetes,Tiểu đường type 2,metabolic,calories,Calories,Calo,monitor,monitor,medium,,kcal/day,individualized,weight_loss_goal,Monitor calories to assist with weight management. A 5% weight loss improves glycemic control.,Theo dõi calo để hỗ trợ kiểm soát cân nặng. Giảm 5% cân nặng giúp cải thiện kiểm soát đường huyết.,monitor_calories,"Calorie targets should support steady, gradual weight loss without crash dieting.","Mục tiêu calo phải hỗ trợ giảm cân từ từ, đều đặn, không giảm cân cấp tốc.",ADA Weight Management Statement,https://professional.diabetes.org/consensus-statements/nutrition-therapy-adults-diabetes-or-prediabetes,professional_association_guidance,diabetes_type_2_calories_monitor,2026-07-04T09:28:54Z,ee5e6bf78166077701338ac7a2c9d578
obesity,Obesity,Béo phì,weight_management,added_sugar,Added Sugar,Đường thêm vào,limit,lower,high,10.0,percent_calories,percent_of_daily_calories,weight_loss_goal,Restrict added sugar intake to manage caloric density and visceral fat levels.,Hạn chế lượng đường thêm vào để kiểm soát mật độ calo và mức mỡ nội tạng.,penalize_added_sugar,Ensure healthy caloric deficit guidelines are followed.,Đảm bảo tuân thủ các hướng dẫn thâm hụt calo lành mạnh.,CDC Obesity Nutrition Guideline,https://www.cdc.gov/healthyweight/healthy_eating/index.html,official_public_health_page,obesity_added_sugar_limit,2026-07-04T09:28:54Z,eb04cb612c5bda0dacc253b265ab18fa
obesity,Obesity,Béo phì,weight_management,saturated_fat,Saturated Fat,Chất béo bão hòa,limit,lower,medium,10.0,percent_calories,percent_of_daily_calories,weight_loss_goal,Moderate saturated fat intake to prevent cardiometabolic risk associated with obesity.,Tiết chế lượng chất béo bão hòa để phòng ngừa nguy cơ chuyển hóa tim mạch liên quan đến béo phì.,penalize_saturated_fat,"Caloric deficit is priority, but fat quality matters for heart health.","Thâm hụt calo là ưu tiên, nhưng chất lượng chất béo cũng quan trọng cho tim mạch.",WHO Healthy Diet Plan,https://www.who.int/news-room/fact-sheets/detail/healthy-diet,official_guideline,obesity_saturated_fat_limit,2026-07-04T09:28:54Z,b24a00d92a84f027a758c98a960cdb10
obesity,Obesity,Béo phì,weight_management,fiber,Dietary Fiber,Chất xơ,prioritize,higher,medium,25.0,g/day,per_day,weight_loss_goal,Prioritize high-fiber foods to support satiety and delay gastric emptying.,Ưu tiên thực phẩm giàu chất xơ để tăng cảm giác no và làm chậm làm rỗng dạ dày.,prioritize_high_fiber,Fiber helps naturally regulate appetite and reduce daily calorie consumption.,Chất xơ giúp điều hòa sự thèm ăn một cách tự nhiên và giảm calo nạp vào.,USDA Dietary Guidelines,https://www.dietaryguidelines.gov/,official_guideline,obesity_fiber_prioritize,2026-07-04T09:28:54Z,3f3f689dc5def0f798d671be39d034fc
obesity,Obesity,Béo phì,weight_management,protein,Protein,Đạm,prioritize,higher,low,,individualized,individualized,weight_loss_goal,Prioritize protein foods to support lean mass preservation and satiety during weight loss.,Ưu tiên thực phẩm giàu đạm để hỗ trợ bảo tồn khối cơ và tạo cảm giác no khi giảm cân.,prioritize_protein,Ensure protein intake is balanced. CKD patients must NOT overconsume protein.,Đảm bảo lượng đạm cân bằng. Bệnh nhân suy thận KHÔNG được ăn quá nhiều đạm.,Dietary Guidelines for Americans,https://www.dietaryguidelines.gov/,official_guideline,obesity_protein_prioritize,2026-07-04T09:28:54Z,37acc39b85397a859f083f69177a437d
gerd,GERD / Acid Reflux,Trào ngược dạ dày thực quản,digestive,caffeine,Caffeine,Caffeine,monitor,monitor,medium,,individualized,individualized,general_adult_guidance,Monitor how caffeinated beverages affect your symptoms.,Theo dõi xem các loại đồ uống có caffeine ảnh hưởng thế nào đến triệu chứng của bạn.,monitor_caffeine,Avoid completely only if caffeine is a documented trigger for your acid reflux.,Chỉ tránh hoàn toàn nếu caffeine được chứng minh là tác nhân gây trào ngược của bạn.,NIDDK GERD Info,https://www.niddk.nih.gov/health-information/digestive-diseases/acid-reflux-ger-gerd-adults/eating-diet-nutrition,official_public_health_page,gerd_caffeine_monitor,2026-07-04T09:28:54Z,e7ff446c418add752afb042fff2c3f9f
constipation,Constipation,Táo bón,digestive,refined_grain,Refined Grains,Ngũ cốc tinh chế,limit,lower,medium,,individualized,individualized,general_adult_guidance,"Limit refined grains (such as white bread and white rice), replacing them with high-fiber whole grain products.","Hạn chế ngũ cốc tinh chế (như bánh mì trắng, gạo trắng) và thay thế bằng ngũ cốc nguyên hạt giàu xơ.",penalize_refined_grains,Low fiber in refined grains contributes to slower transit times.,Chất xơ thấp trong ngũ cốc tinh chế góp phần làm chậm thời gian tiêu hóa.,NIDDK Constipation Diet Guideline,https://www.niddk.nih.gov/health-information/digestive-diseases/constipation/eating-diet-nutrition,official_public_health_page,constipation_refined_grain_limit,2026-07-04T09:28:54Z,a2f29f2f07d893f80e2af0cf5cbb1f03
ibs_sensitive_digestion,Irritable Bowel Syndrome / Sensitive Digestion,Hội chứng ruột kích thích / Tiêu hóa nhạy cảm,digestive,fiber,Dietary Fiber,Chất xơ,monitor,monitor,high,,individualized,individualized,general_adult_guidance,Monitor fiber intake type. Soluble fiber is generally better tolerated than insoluble fiber for IBS.,Theo dõi loại chất xơ nạp vào. Chất xơ hòa tan thường được dung nạp tốt hơn xơ không hòa tan đối với IBS.,monitor_fiber,Slowly introduce fiber to see tolerance. Avoid excess insoluble fiber during flare-ups.,Bổ sung chất xơ từ từ để xem mức dung nạp. Tránh dư thừa chất xơ không hòa tan khi bùng phát.,NIDDK IBS Diet Guide,https://www.niddk.nih.gov/health-information/digestive-diseases/irritable-bowel-syndrome-ibs/eating-diet-nutrition,official_public_health_page,ibs_sensitive_digestion_fiber_monitor,2026-07-04T09:28:54Z,c7e90001fc937db6072b62be40e7c5dc
ibs_sensitive_digestion,Irritable Bowel Syndrome / Sensitive Digestion,Hội chứng ruột kích thích / Tiêu hóa nhạy cảm,digestive,added_sugar,Added Sugar,Đường thêm vào,limit,lower,medium,10.0,percent_calories,percent_of_daily_calories,general_adult_guidance,Limit added sugars and high fructose corn syrup to avoid osmotic load and gas in sensitive guts.,Hạn chế đường thêm và siro ngô để tránh tải trọng thẩm thấu và tích khí ở ruột nhạy cảm.,penalize_added_sugar,Fructose malabsorption can exacerbate bloating and diarrhea.,Kém hấp thu fructose có thể làm trầm trọng thêm chứng đầy hơi và tiêu chảy.,NIDDK IBS Guidance,https://www.niddk.nih.gov/health-information/digestive-diseases/irritable-bowel-syndrome-ibs/eating-diet-nutrition,official_public_health_page,ibs_sensitive_digestion_added_sugar_limit,2026-07-04T09:28:54Z,b462b0a7a2c74f1a0a286e975a027278
osteoporosis_risk,Osteoporosis Risk,Nguy cơ loãng xương,bone_health,protein,Protein,Đạm,monitor,monitor,low,,individualized,individualized,general_adult_guidance,Ensure adequate but not excessive protein intake to support bone matrix structure.,Đảm bảo lượng đạm đầy đủ nhưng không quá thừa để hỗ trợ cấu trúc nền xương.,monitor_protein,"Extreme high protein can increase urinary calcium, while low protein weakens bone structure.","Ăn quá nhiều đạm có thể tăng canxi niệu, trong khi đạm thấp làm suy yếu cấu trúc xương.",NIH Osteoporosis Guidelines,https://www.bones.nih.gov/health-info/bone/osteoporosis/overview,official_public_health_page,osteoporosis_risk_protein_monitor,2026-07-04T09:28:54Z,1626066fd1d602abcf73c46a57810662
elderly_nutrition_risk,Elderly Nutrition Risk,Nguy cơ dinh dưỡng ở người cao tuổi,general,water,Water / Fluids,Nước,prioritize,higher,high,2000.0,ml/day,per_day,general_adult_guidance,"Prioritize regular water intake. Thirst sensation decreases with age, raising dehydration risks.","Ưu tiên uống nước đều đặn. Cảm giác khát giảm dần theo tuổi tác, làm tăng nguy cơ mất nước.",prioritize_hydration,"If cardiorenal restrictions exist, consult a clinician before increasing fluids.","Nếu có hạn chế về tim thận, hãy hỏi ý kiến bác sĩ trước khi tăng nước.",NHS Elderly Care,https://www.nhs.uk/live-well/eat-well/,local_reference,elderly_nutrition_risk_water_prioritize,2026-07-04T09:28:54Z,de023a2b7db74ba4889427854a80c040
elderly_nutrition_risk,Elderly Nutrition Risk,Nguy cơ dinh dưỡng ở người cao tuổi,general,fiber,Dietary Fiber,Chất xơ,prioritize,higher,medium,25.0,g/day,per_day,general_adult_guidance,Prioritize high-fiber foods to support colon health and prevent age-associated constipation.,Ưu tiên thực phẩm giàu chất xơ để hỗ trợ sức khỏe đại tràng và ngừa táo bón do tuổi tác.,prioritize_high_fiber,Ensure corresponding fluid intake to support fiber digestion.,Đảm bảo uống đủ nước đi kèm để hỗ trợ tiêu hóa chất xơ.,NHS Elderly Nutrition,https://www.nhs.uk/live-well/eat-well/,local_reference,elderly_nutrition_risk_fiber_prioritize,2026-07-04T09:28:54Z,dfa03c9ccee71de8de63bb612bb4d461
underweight_malnutrition_risk,Underweight / Malnutrition Risk,Thiếu cân / Nguy cơ suy dinh dưỡng,general,protein,Protein,Đạm,prioritize,higher,high,,individualized,individualized,doctor_or_dietitian_required,Prioritize high-quality protein to support tissue repair and prevent lean body mass wasting.,Ưu tiên đạm chất lượng cao để hỗ trợ sửa chữa các mô tế bào và ngăn mất khối cơ.,prioritize_protein,"Protein needs should be evaluated individually, especially if liver or kidney impairments exist.","Nhu cầu đạm cần đánh giá cá nhân, nhất là nếu có tổn thương gan hoặc thận.",NHS Malnutrition Care Guide,https://www.nhs.uk/conditions/malnutrition/,local_reference,underweight_malnutrition_risk_protein_prioritize,2026-07-04T09:28:54Z,a3b91aed231c81ccfb805cf1cf22a6bc
underweight_malnutrition_risk,Underweight / Malnutrition Risk,Thiếu cân / Nguy cơ suy dinh dưỡng,general,vitamins,Multivitamins,Vitamin tổng hợp,monitor,monitor,medium,,individualized,individualized,doctor_or_dietitian_required,Monitor micronutrient status closely. Nutritional deficiencies frequently accompany low body weight.,Theo dõi sát tình trạng vi chất. Thiếu hụt dinh dưỡng thường đi kèm với tình trạng nhẹ cân.,monitor_micronutrients,Deficiencies must be confirmed via blood tests. Supplementation should be supervised.,Thiếu hụt phải xác định qua xét nghiệm máu. Việc bổ sung phải được giám sát.,NHS Malnutrition Guidelines,https://www.nhs.uk/conditions/malnutrition/,local_reference,underweight_malnutrition_risk_vitamins_monitor,2026-07-04T09:28:54Z,a709d1fef9f4428ece16ee0dda1fac0d
high_uric_acid,High Uric Acid,Axit uric máu cao,general,purine,Purine,Nhân purin,limit,lower,high,,individualized,individualized,general_adult_guidance,Moderate purine intake to help keep blood uric acid levels in the normal range.,Tiết chế nhân purine để duy trì nồng độ axit uric trong máu ổn định.,penalize_high_purine,General guidance. Clinical gout attacks require personalized management.,Hướng dẫn chung. Cơn gout lâm sàng bùng phát cần quản lý cá nhân hóa.,NIH Gout Info Guidelines,https://www.niams.nih.gov/health-topics/gout,official_public_health_page,high_uric_acid_purine_limit,2026-07-04T09:28:54Z,e2dc000ed0ccb943c7a4bd15f7441f3c
high_uric_acid,High Uric Acid,Axit uric máu cao,general,alcohol,Alcohol,Rượu / Cồn,limit,lower,high,0.0,g/day,per_day,general_adult_guidance,"Limit alcohol consumption, especially beer, to avoid blocking renal excretion of uric acid.","Hạn chế cồn, đặc biệt là bia, để tránh cản trở bài tiết axit uric qua đường thận.",avoid_alcohol,Hydration is crucial. Limit spirits as well as beer.,Bổ sung nước rất quan trọng. Hạn chế cả rượu mạnh lẫn bia.,NIH Gout Guidelines,https://www.niams.nih.gov/health-topics/gout,official_public_health_page,high_uric_acid_alcohol_limit,2026-07-04T09:28:54Z,b2f6980172d368d86eb9ded985620181
prediabetes,Prediabetes,Tiền tiểu đường,metabolic,fiber,Dietary Fiber,Chất xơ,prioritize,higher,medium,25.0,g/day,per_day,diabetes_meal_planning,Prioritize high-fiber foods to support healthy insulin responses and delay glucose absorption.,Ưu tiên thực phẩm giàu chất xơ để cải thiện phản hồi insulin và làm chậm hấp thu đường.,prioritize_high_fiber,High fiber intake improves insulin sensitivity.,Khẩu phần giàu xơ giúp cải thiện độ nhạy insulin.,ADA Prevention Guidelines,https://diabetesjournals.org/care/article/46/Supplement_1/S49/148043/,professional_association_guidance,prediabetes_fiber_prioritize,2026-07-04T09:28:54Z,ead4fa7bdab799cdb1cd6a6a59f8f159
prediabetes,Prediabetes,Tiền tiểu đường,metabolic,added_sugar,Added Sugar,Đường thêm vào,limit,lower,high,10.0,percent_calories,percent_of_daily_calories,diabetes_meal_planning,Limit added sugars to under 10% of daily calories to lower diabetes transition risk.,Giới hạn đường thêm vào dưới 10% năng lượng hàng ngày để giảm nguy cơ chuyển thành tiểu đường.,penalize_added_sugar,Avoid sugar-sweetened beverages entirely.,Tránh hoàn toàn đồ uống ngọt có đường.,ADA Standards of Care,https://diabetesjournals.org/care/article/46/Supplement_1/S49/148043/,professional_association_guidance,prediabetes_added_sugar_limit,2026-07-04T09:28:54Z,764580b0869999d841e57101e94c8aa3
metabolic_syndrome,Metabolic Syndrome,Hội chứng chuyển hóa,metabolic,refined_grain,Refined Grains,Ngũ cốc tinh chế,limit,lower,medium,,individualized,individualized,general_adult_guidance,Limit refined grains and replace with complex whole grains to manage insulin spikes.,Giới hạn ngũ cốc tinh chế và thay thế bằng ngũ cốc nguyên hạt để giảm tăng vọt insulin.,penalize_refined_grains,Refined carbs exacerbate visceral adiposity and high triglycerides.,Carbs tinh chế làm trầm trọng thêm tình trạng tích mỡ bụng và triglyceride cao.,AHA/NHLBI Scientific Statement,https://www.ahajournals.org/doi/10.1161/circulationaha.105.169404,professional_association_guidance,metabolic_syndrome_refined_grain_limit,2026-07-04T09:28:54Z,d3e61978116c38e42ae1375b8e16d2eb
metabolic_syndrome,Metabolic Syndrome,Hội chứng chuyển hóa,metabolic,saturated_fat,Saturated Fat,Chất béo bão hòa,limit,lower,medium,10.0,percent_calories,percent_of_daily_calories,general_adult_guidance,Limit saturated fat to less than 10% of calories to support lipid management.,Giới hạn chất béo bão hòa dưới 10% năng lượng để hỗ trợ kiểm soát mỡ máu.,penalize_saturated_fat,Focus on heart-healthy monounsaturated and polyunsaturated fats.,Tập trung vào chất béo chưa bão hòa đơn và đa tốt cho tim mạch.,AHA/NHLBI Metabolic Statement,https://www.ahajournals.org/doi/10.1161/circulationaha.105.169404,professional_association_guidance,metabolic_syndrome_saturated_fat_limit,2026-07-04T09:28:54Z,5f4a37eb9c3370f5c15f85087de50166
metabolic_syndrome,Metabolic Syndrome,Hội chứng chuyển hóa,metabolic,fiber,Dietary Fiber,Chất xơ,prioritize,higher,medium,25.0,g/day,per_day,general_adult_guidance,Prioritize high-fiber foods to support metabolic health and weight regulation.,Ưu tiên thực phẩm giàu chất xơ để cải thiện sức khỏe chuyển hóa và điều hòa cân nặng.,prioritize_high_fiber,Fiber helps improve lipid profiles and reduces glucose spikes.,Chất xơ hỗ trợ cải thiện các thông số lipid máu và giảm tăng đường huyết.,AHA/NHLBI Guidelines,https://www.ahajournals.org/doi/10.1161/circulationaha.105.169404,professional_association_guidance,metabolic_syndrome_fiber_prioritize,2026-07-04T09:28:54Z,39f087f836205f0dc51acbc22ef9d91a
fatty_liver_nafld,Non-alcoholic Fatty Liver Disease,Gan nhiễm mỡ không do rượu,metabolic,saturated_fat,Saturated Fat,Chất béo bão hòa,limit,lower,medium,10.0,percent_calories,percent_of_daily_calories,general_adult_guidance,"Limit saturated fat to under 10% of calories, replacing with polyunsaturated fats (omega-3).","Giới hạn chất béo bão hòa dưới 10% năng lượng, thay bằng chất béo chưa bão hòa đa (omega-3).",penalize_saturated_fat,Fatty liver requires overall lipid management to prevent hepatic inflammation.,Gan nhiễm mỡ cần quản lý mỡ máu toàn diện để tránh viêm gan.,AASLD Guidelines,https://www.aasld.org/practice-guidelines,professional_association_guidance,fatty_liver_nafld_saturated_fat_limit,2026-07-04T09:28:54Z,be2652ad77f297ae87b6013bd9c5c439
stroke_risk,Stroke Risk,Nguy cơ đột quỵ,cardiovascular,potassium,Potassium,Kali,prioritize,higher,medium,3500.0,mg/day,per_day,high_blood_pressure,Prioritize potassium-rich foods to lower blood pressure and decrease stroke risk.,Ưu tiên thực phẩm giàu kali để hạ huyết áp và giảm nguy cơ đột quỵ.,prioritize_potassium,Do not increase potassium if you have CKD or take potassium-sparing drugs.,Không tăng kali nếu bị suy thận hoặc uống thuốc giữ kali.,AHA/ASA Prevention Guidelines,https://www.ahajournals.org/doi/10.1161/STR.0000000000000350,professional_association_guidance,stroke_risk_potassium_prioritize,2026-07-04T09:28:54Z,d45d78261e872e2c8c7dfe0e6aa0bcd9
stroke_risk,Stroke Risk,Nguy cơ đột quỵ,cardiovascular,saturated_fat,Saturated Fat,Chất béo bão hòa,limit,lower,medium,10.0,percent_calories,percent_of_daily_calories,general_adult_guidance,Limit saturated fat to under 10% of energy to help prevent vascular atherosclerosis.,Giới hạn chất béo bão hòa dưới 10% tổng năng lượng để ngừa xơ vữa mạch máu.,penalize_saturated_fat,General guidance. Control lipids to minimize ischemic stroke risks.,Hướng dẫn chung. Kiểm soát mỡ máu để giảm thiểu nguy cơ đột quỵ nhồi máu não.,AHA/ASA Stroke Prevention Guidelines,https://www.ahajournals.org/doi/10.1161/STR.0000000000000350,professional_association_guidance,stroke_risk_saturated_fat_limit,2026-07-04T09:28:54Z,84bcaa81a91ce8d7c8f885d52c32609e
