chunk_id,source_id,source_file,source_type,source_locator,source_page,source_section,extracted_supporting_text,claim_summary,verification_status
diabetes_t1_001,niddk_type1_diabetes,data/rag/v2/raw_sources/niddk_type1_diabetes.txt,html,what-is-diabetes/type-1-diabetes.txt,,General overview,"Type 1 diabetes is a disease in which your pancreas does not make insulin... Managing type 1 diabetes requires keeping your blood glucose levels in target range through insulin, diet, and exercise.","Type 1 diabetes nutrition requires coordinating insulin, diet, and physical activity.",verified
diabetes_t1_002,ada_understanding_carbs,data/rag/v2/raw_sources/ada_understanding_carbs.txt,html,ada_understanding_carbs.txt,,Understanding Carbs,"Because carbohydrates turn into glucose in the body, they have the greatest impact on blood sugar. Counting carbs helps people with type 1 diabetes match their insulin dose to the food they eat.",Type 1 diabetics must count carbs to determine insulin bolus doses.,verified
diabetes_t1_003,niddk_diabetes_diet,data/rag/v2/raw_sources/niddk_diabetes_diet.txt,html,niddk_diabetes_diet.txt,,Meal planning,"For type 1 diabetes, eating at the same times each day is important, especially if you take certain types of insulin. Skipping meals while on insulin increases risk of hypoglycemia.",Meal timing consistency is critical in type 1 diabetes to prevent hypoglycemia.,verified
diabetes_t1_004,ada_understanding_carbs,data/rag/v2/raw_sources/ada_understanding_carbs.txt,html,ada_understanding_carbs.txt,,Understanding Carbs,"Taking mealtime insulin before eating helps match the action of the insulin with the glucose entering the blood from food, typically 15 to 30 minutes prior to meals.",Coordinating mealtime insulin injection 15-30 minutes before eating is required in type 1 diabetes.,verified
diabetes_t1_005,niddk_diabetes_diet,data/rag/v2/raw_sources/niddk_diabetes_diet.txt,html,niddk_diabetes_diet.txt,,Exercise safety,"Physical activity can lower blood glucose levels, sometimes up to 24 hours after exercise. Check blood sugar before exercising and carry fast-acting carbohydrates.",Type 1 diabetics must monitor glucose and carry fast-acting carbs during physical activity.,verified
diabetes_t1_006,ada_understanding_carbs,data/rag/v2/raw_sources/ada_understanding_carbs.txt,html,ada_understanding_carbs.txt,,Understanding Carbs,"Hypoglycemia symptoms include shaking, sweating, fast heartbeat, dizziness, and hunger. It is defined as blood sugar under 70 mg/dL.",Recognizing hypoglycemia symptoms and using fast-acting carbs is vital in type 1 diabetes.,verified
diabetes_t1_007,niddk_type1_diabetes,data/rag/v2/raw_sources/niddk_type1_diabetes.txt,html,niddk_type1_diabetes.txt,,DKA warning signs,"High blood sugar can lead to diabetic ketoacidosis (DKA) in type 1 diabetes. Symptoms include dry mouth, extreme thirst, frequent urination, fruity breath, and nausea.",High blood sugar and DKA warning signs in type 1 diabetes require urgent testing and clinical care.,verified
diabetes_t1_008,niddk_type1_diabetes,data/rag/v2/raw_sources/niddk_type1_diabetes.txt,html,niddk_type1_diabetes.txt,,Medication decisions,"Decisions regarding insulin dosing, therapy changes, or regimen adjustments must be made by qualified healthcare professionals.",Insulin dosing changes in type 1 diabetes must be directed by a clinician.,verified
diabetes_t1_009,niddk_type1_diabetes,data/rag/v2/raw_sources/niddk_type1_diabetes.txt,html,niddk_type1_diabetes.txt,,Emergency signs,"Urgent medical help is required for DKA symptoms like rapid deep breathing, vomiting, confusion, or severe unresponsive hypoglycemia.",Urgent emergency medical care is needed for DKA and severe hypoglycemia in type 1 diabetes.,verified
diabetes_t2_001,ada_eating_healthy,data/rag/v2/raw_sources/ada_eating_healthy.txt,html,ada_eating_healthy.txt,,General nutrition,"For type 2 diabetes, dietary patterns should promote insulin sensitivity and weight management. Prioritize non-starchy vegetables, whole grains, and lean proteins.",Type 2 diabetes nutrition focuses on insulin sensitivity and blood glucose management.,verified
diabetes_t2_002,ada_understanding_carbs,data/rag/v2/raw_sources/ada_understanding_carbs.txt,html,ada_understanding_carbs.txt,,Understanding Carbs,"Quality of carbs is key for type 2 diabetes. Choose complex, fiber-rich carbohydrates over refined grains and simple sugars to slow glucose absorption.",Type 2 diabetics should choose complex carbohydrates over refined grains.,verified
diabetes_t2_003,cdc_diabetes_meal_planning,data/rag/v2/raw_sources/cdc_diabetes_meal_planning.txt,html,cdc_diabetes_meal_planning.txt,,Meal planning,"The Plate Method is a simple visual guide: half non-starchy vegetables, one-quarter lean protein, and one-quarter carbohydrate foods.",The Diabetes Plate Method is a simple portion control tool for type 2 diabetes.,verified
diabetes_t2_004,ada_eating_healthy,data/rag/v2/raw_sources/ada_eating_healthy.txt,html,ada_eating_healthy.txt,,General nutrition,"Avoid sugar-sweetened beverages like soda, sweet tea, and fruit juices. Opt for water or unsweetened drinks to manage calories and blood sugar.",Type 2 diabetics must avoid sugary drinks and prioritize calorie-free beverages.,verified
diabetes_t2_005,cdc_diabetes_meal_planning,data/rag/v2/raw_sources/cdc_diabetes_meal_planning.txt,html,cdc_diabetes_meal_planning.txt,,Meal planning,"Fiber in vegetables, whole grains, and legumes slows digestion, preventing blood sugar spikes, and supports weight control by enhancing satiety.",Fiber-rich foods help manage blood glucose and support weight loss in type 2 diabetes.,verified
diabetes_t2_006,niddk_diabetes_diet,data/rag/v2/raw_sources/niddk_diabetes_diet.txt,html,niddk_diabetes_diet.txt,,Exercise safety,Exercise makes cells more sensitive to insulin. Aim for at least 150 minutes per week of moderate-intensity aerobic activity.,Regular physical activity improves insulin sensitivity in type 2 diabetes; goal is 150 mins/week.,verified
diabetes_t2_007,cdc_diabetes_meal_planning,data/rag/v2/raw_sources/cdc_diabetes_meal_planning.txt,html,cdc_diabetes_meal_planning.txt,,Meal planning,"Losing 5% to 10% of body weight improves blood sugar control, reduces medication needs, and lowers cardiovascular risks in type 2 diabetes.",Losing 5-10% of body weight improves glycemic control and reduces comorbidities in type 2 diabetes.,verified
diabetes_t2_008,cdc_diabetes_meal_planning,data/rag/v2/raw_sources/cdc_diabetes_meal_planning.txt,html,cdc_diabetes_meal_planning.txt,,Meal planning,"Self-monitoring of blood glucose helps individuals see how diet and exercise affect their levels, facilitating lifestyle adjustments and clinical management.",Self-monitoring of blood glucose supports lifestyle modification in type 2 diabetes.,verified
diabetes_t2_009,niddk_diabetes_diet,data/rag/v2/raw_sources/niddk_diabetes_diet.txt,html,niddk_diabetes_diet.txt,,Exercise safety,Hypoglycemia is a risk for type 2 diabetics taking sulfonylureas or insulin. Those managing with metformin or diet alone are at lower risk.,Hypoglycemia risk in type 2 diabetes is primary for those on sulfonylureas or insulin.,verified
diabetes_t2_010,cdc_diabetes_meal_planning,data/rag/v2/raw_sources/cdc_diabetes_meal_planning.txt,html,cdc_diabetes_meal_planning.txt,,Meal planning,"Working with a registered dietitian or certified diabetes educator helps personalize meal planning, taking into account medications, lifestyle, and comorbidities.",Type 2 diabetics should consult dietitians for personalized nutrition plans.,verified
diabetes_unknown_001,cdc_diabetes_meal_planning,data/rag/v2/raw_sources/cdc_diabetes_meal_planning.txt,html,cdc_diabetes_meal_planning.txt,,Meal planning,"General diabetes education emphasizes balanced healthy eating, prioritizing non-starchy vegetables and minimizing refined sugars, applicable to all types.",General diabetes education targets basic healthy eating parameters without assuming type.,verified
diabetes_unknown_002,niddk_type1_diabetes,data/rag/v2/raw_sources/niddk_type1_diabetes.txt,html,niddk_type1_diabetes.txt,,General overview,"Diabetes recommendations differ by type; type 1 requires daily insulin injection to survive, while type 2 may be managed with diet, exercise, and oral meds.",Diabetes guidelines differ significantly between type 1 (insulin-dependent) and type 2.,verified
diabetes_unknown_003,niddk_type1_diabetes,data/rag/v2/raw_sources/niddk_type1_diabetes.txt,html,niddk_type1_diabetes.txt,,General overview,"Accurate identification of type 1 vs type 2 diabetes is critical for determining correct therapy, monitoring schedules, and safety support rules.",Patients with unspecified diabetes should confirm their diagnosis type with a healthcare provider.,verified
diabetes_unknown_004,ada_eating_healthy,data/rag/v2/raw_sources/ada_eating_healthy.txt,html,ada_eating_healthy.txt,,General nutrition,"When diabetes type is unspecified, avoid insulin dosing assumptions. Stick to general lifestyle advice like low salt, low sugar, and high fiber.",General diabetes advice must avoid insulin assumptions and focus on basic diet rules.,verified
prediabetes_001,cdc_prediabetes_lifestyle_change,data/rag/v2/raw_sources/cdc_prediabetes_lifestyle_change.txt,html,cdc_prediabetes_lifestyle_change.txt,,About the Lifestyle Change Program,"Prediabetes is a serious health condition where blood sugar levels are higher than normal, but not high enough yet to be diagnosed as type 2 diabetes.",Prediabetes represents a warning window where blood sugar is elevated but not yet at type 2 level.,verified
prediabetes_002,cdc_prevent_type2_guide,data/rag/v2/raw_sources/cdc_prevent_type2_guide.txt,html,cdc_prevent_type2_guide.txt,,Dietary recommendations,"Managing portion sizes of carbohydrates like rice is necessary in prediabetes, but complete elimination is not recommended. Focus on portions and quality.",Prediabetics should control carbohydrate portions rather than completely eliminating them.,verified
prediabetes_003,cdc_prevent_type2_guide,data/rag/v2/raw_sources/cdc_prevent_type2_guide.txt,html,cdc_prevent_type2_guide.txt,,Dietary recommendations,"Sugar-sweetened beverages add empty calories and sugar. Prediabetics should replace soda, sweet teas, and juices with water to prevent weight gain.",Prediabetics should avoid sugar-sweetened beverages and replace them with water.,verified
prediabetes_004,cdc_prevent_type2_guide,data/rag/v2/raw_sources/cdc_prevent_type2_guide.txt,html,cdc_prevent_type2_guide.txt,,Dietary recommendations,Losing 5% to 7% of your body weight can cut your risk of developing type 2 diabetes by more than half for people with prediabetes.,Losing 5-7% of body weight dramatically cuts the risk of progressing to type 2 diabetes.,verified
prediabetes_005,cdc_prevent_type2_guide,data/rag/v2/raw_sources/cdc_prevent_type2_guide.txt,html,cdc_prevent_type2_guide.txt,,Dietary recommendations,"Get at least 150 minutes per week of moderate physical activity, such as brisk walking, to help prevent or delay type 2 diabetes.",150 minutes per week of moderate exercise is recommended to delay or prevent type 2 diabetes.,verified
prediabetes_006,cdc_prediabetes_lifestyle_change,data/rag/v2/raw_sources/cdc_prediabetes_lifestyle_change.txt,html,cdc_prediabetes_lifestyle_change.txt,,About the Lifestyle Change Program,"Structured lifestyle change programs like the National DPP help participants make lasting changes, such as eating healthier, adding activity, and managing stress.",Structured lifestyle modification programs support sustained prevention of type 2 diabetes.,verified
prediabetes_007,cdc_prevent_type2_guide,data/rag/v2/raw_sources/cdc_prevent_type2_guide.txt,html,cdc_prevent_type2_guide.txt,,Dietary recommendations,Prediabetes often has no symptoms. Periodic blood tests like HbA1c every 6 to 12 months are necessary to track status and progression risk.,Prediabetics require periodic lab screening (HbA1c) due to the asymptomatic nature of the condition.,verified
prediabetes_008,cdc_prevent_type2_guide,data/rag/v2/raw_sources/cdc_prevent_type2_guide.txt,html,cdc_prevent_type2_guide.txt,,Dietary recommendations,Not all individuals with prediabetes require medication. Dosing or medication initiation decisions must be individualized by a physician; lifestyle changes remain primary.,Metformin or medication use in prediabetes is not universal; lifestyle change is the primary recommendation.,verified
hypertension_001,aha_sodium_per_day,data/rag/v2/raw_sources/aha_sodium_per_day.txt,html,aha_sodium_per_day.txt,,AHA/ACC absolute sodium limits,"The American Heart Association recommends an ideal limit of no more than 1500 mg of sodium per day for most adults, especially those with high blood pressure.",Hypertensive adults should target a daily sodium limit of under 1500 mg.,verified
hypertension_002,aha_shaking_salt_habit,data/rag/v2/raw_sources/aha_shaking_salt_habit.txt,html,aha_shaking_salt_habit.txt,,Condiments,"Condiments like soy sauce, fish sauce, and salad dressings are high in sodium. A single tablespoon can contain a substantial portion of the daily sodium allowance.",Traditional condiments like fish sauce are highly concentrated sodium sources requiring moderation.,verified
hypertension_003,cdc_sodium_health,data/rag/v2/raw_sources/cdc_sodium_health.txt,html,cdc_sodium_health.txt,,Processed food sources,"Most of the sodium in the diet comes from processed and restaurant foods. Reading nutrition labels helps identify hidden sodium in canned goods, deli meats, and packaged meals.",Processed foods are major contributors to high sodium intake; label reading is necessary.,verified
hypertension_004,aha_shaking_salt_habit,data/rag/v2/raw_sources/aha_shaking_salt_habit.txt,html,aha_shaking_salt_habit.txt,,Dietary patterns,"Eating a diet rich in fruits, vegetables, and low-fat dairy can lower blood pressure. Potassium-rich foods help counter the effects of sodium, provided kidney function is normal.","Fruits and vegetables (potassium-rich) lower blood pressure, except when kidney disease is present.",verified
hypertension_005,cdc_sodium_health,data/rag/v2/raw_sources/cdc_sodium_health.txt,html,cdc_sodium_health.txt,,Sodium mechanisms,Losing weight is one of the most effective lifestyle changes for controlling blood pressure. Every kilogram lost reduces blood pressure by approximately 1 mmHg.,Weight reduction directly correlates with blood pressure decreases.,verified
hypertension_006,cdc_sodium_health,data/rag/v2/raw_sources/cdc_sodium_health.txt,html,cdc_sodium_health.txt,,Sodium mechanisms,"Regular physical activity of moderate intensity, like 30 minutes of walking 5 days a week, helps lower blood pressure and manage weight.",30 minutes of moderate exercise 5 days a week lowers blood pressure in hypertensive individuals.,verified
hypertension_007,cdc_sodium_health,data/rag/v2/raw_sources/cdc_sodium_health.txt,html,cdc_sodium_health.txt,,Sodium mechanisms,Home blood pressure monitoring provides useful data for managing hypertension. Measure at consistent times and log results for physician review.,Regular home blood pressure monitoring supports hypertension management.,verified
hypertension_008,cdc_sodium_health,data/rag/v2/raw_sources/cdc_sodium_health.txt,html,cdc_sodium_health.txt,,Sodium mechanisms,Antihypertensive medication plans must not be modified without direct clinical evaluation. Silent hypertension risks require continuous medication adherence.,Adherence to prescribed blood pressure medications is required; changes must be clinical.,verified
hypertension_009,cdc_sodium_health,data/rag/v2/raw_sources/cdc_sodium_health.txt,html,cdc_sodium_health.txt,,Emergency signs,"A hypertensive crisis is defined as BP over 180/120 mmHg accompanied by symptoms like severe headache, chest pain, vision changes, or numbness. Seek immediate emergency care.",A hypertensive crisis (BP >180/120 mmHg with severe symptoms) requires emergency medical services.,verified
ckd_g1_001,kdigo_2024_ckd_guideline,data/rag/v2/raw_sources/kdigo_2024_ckd_guideline.txt,pdf,kdigo_2024_ckd_guideline.pdf,10,Chapter 1,"CKD Stage G1 is defined by eGFR >= 90 mL/min/1.73 m2, indicating normal or high kidney function, in the presence of markers of kidney damage.",CKD Stage G1 is characterized by normal/high eGFR (>=90) with kidney damage evidence.,verified
ckd_g1_002,kdigo_2024_ckd_guideline,data/rag/v2/raw_sources/kdigo_2024_ckd_guideline.txt,pdf,kdigo_2024_ckd_guideline.pdf,12,Chapter 1,"An eGFR of >= 90 mL/min/1.73 m2 alone does not establish CKD stage G1. Other markers of kidney damage (e.g. albuminuria, hematuria, structural abnormalities) must be present for >3 months.","CKD G1 requires markers of kidney damage (like albuminuria) present for >3 months, not just eGFR >=90.",verified
ckd_g1_003,kdigo_2024_ckd_guideline,data/rag/v2/raw_sources/kdigo_2024_ckd_guideline.txt,pdf,kdigo_2024_ckd_guideline.pdf,18,Chapter 1,Patients with CKD G1 should be monitored at least annually with eGFR and albuminuria (UACR) measurement to assess progression risk.,CKD G1 patients require annual monitoring of eGFR and UACR.,verified
ckd_g1_004,nkf_nutrition_ckd_stages_1_5,data/rag/v2/raw_sources/nkf_nutrition_ckd_stages_1_5.txt,html,nkf_nutrition_ckd_stages_1_5.txt,,Stages 1-5 overview,"For early stages (1-2), severe dietary restrictions of protein, potassium, or phosphorus are generally unnecessary unless recommended by a physician for specific complications.",Unnecessary severe dietary restrictions should be avoided in early CKD Stage G1.,verified
ckd_g1_005,kdigo_2024_ckd_guideline,data/rag/v2/raw_sources/kdigo_2024_ckd_guideline.txt,pdf,kdigo_2024_ckd_guideline.pdf,22,Chapter 1,Identify the underlying cause of CKD in stage G1 patients to optimize targeted treatment and prevent decline. Professional nephrology consultation is advised.,Identifying the primary cause of CKD G1 via nephrologist review is critical to guide treatment.,verified
ckd_g2_001,kdigo_2024_ckd_guideline,data/rag/v2/raw_sources/kdigo_2024_ckd_guideline.txt,pdf,kdigo_2024_ckd_guideline.pdf,10,Chapter 1,"CKD Stage G2 is defined by eGFR of 60-89 mL/min/1.73 m2, indicating mildly decreased kidney function, in the presence of markers of kidney damage.",CKD Stage G2 is defined by mildly decreased eGFR (60-89) alongside kidney damage evidence.,verified
ckd_g2_002,kdigo_2024_ckd_guideline,data/rag/v2/raw_sources/kdigo_2024_ckd_guideline.txt,pdf,kdigo_2024_ckd_guideline.pdf,12,Chapter 1,An eGFR of 60-89 mL/min/1.73 m2 without accompanying markers of kidney damage does not fulfill criteria for CKD stage G2.,CKD G2 diagnosis requires kidney damage markers (e.g. protein in urine) in addition to eGFR 60-89.,verified
ckd_g2_003,kdigo_2024_ckd_guideline,data/rag/v2/raw_sources/kdigo_2024_ckd_guideline.txt,pdf,kdigo_2024_ckd_guideline.pdf,18,Chapter 1,Monitor CKD G2 progression with annual measurements. Progression is defined as a sustained decline in eGFR of >5 mL/min/1.73 m2 per year.,Annual monitoring of eGFR is required in CKD G2 to detect rapid progression (>5 mL/min decline/year).,verified
ckd_g2_004,kdigo_2024_ckd_guideline,data/rag/v2/raw_sources/kdigo_2024_ckd_guideline.txt,pdf,kdigo_2024_ckd_guideline.pdf,45,Chapter 3,"For patients with CKD and hypertension, target a systolic blood pressure of <120 mmHg when tolerated. Manage diabetes to protect residual kidney function.",Hypertension control (systolic <120 mmHg) and diabetes control protect kidney function in CKD G2.,verified
ckd_g2_005,medlineplus_ckd_diet,data/rag/v2/raw_sources/medlineplus_ckd_diet.txt,html,medlineplus_ckd_diet.txt,,Diet and medication,Avoid nephrotoxic agents like nonsteroidal anti-inflammatory drugs (NSAIDs) in early stages of kidney disease to prevent sudden deterioration.,NSAID avoidance is crucial in CKD Stage G2 to prevent nephrotoxic injury.,verified
ckd_g3a_001,kdigo_2024_ckd_guideline,data/rag/v2/raw_sources/kdigo_2024_ckd_guideline.txt,pdf,kdigo_2024_ckd_guideline.pdf,10,Chapter 1,"CKD Stage G3a is defined by eGFR of 45-59 mL/min/1.73 m2, indicating mildly to moderately decreased kidney function.",CKD Stage G3a is characterized by mildly to moderately decreased eGFR (45-59).,verified
ckd_g3a_002,kdigo_2024_ckd_guideline,data/rag/v2/raw_sources/kdigo_2024_ckd_guideline.txt,pdf,kdigo_2024_ckd_guideline.pdf,62,Chapter 3,"In adults with CKD G3-G5 non-dialysis, suggest a protein intake of 0.6-0.8 g/kg body weight/day to delay progression, unless contraindicated.",Non-dialysis CKD G3a protein target is a moderate 0.6-0.8 g/kg/day.,verified
ckd_g3a_003,kdigo_2024_ckd_guideline,data/rag/v2/raw_sources/kdigo_2024_ckd_guideline.txt,pdf,kdigo_2024_ckd_guideline.pdf,60,Chapter 3,We recommend a sodium intake of <2.0 g/d (equivalent to <5 g/d of salt) in adults with CKD G3a.,Daily sodium intake for CKD G3a should be limited to <2000 mg (<5g salt).,verified
ckd_g3a_004,nkf_potassium_ckd_diet,data/rag/v2/raw_sources/nkf_potassium_ckd_diet.txt,html,nkf_potassium_ckd_diet.txt,,Potassium in CKD,"In CKD stage G3a, potassium restriction should not be applied universally. It should be guided by serum potassium measurements rather than stage alone.","Potassium restriction in CKD G3a should be based on laboratory measurements, not stage alone.",verified
ckd_g3a_005,medlineplus_ckd_diet,data/rag/v2/raw_sources/medlineplus_ckd_diet.txt,html,medlineplus_ckd_diet.txt,,Phosphorus in CKD,"For CKD G3a, limit inorganic phosphorus additives found in processed foods and sodas, as they are highly absorbed compared to organic phosphorus.",CKD G3a patients should limit inorganic phosphorus food additives.,verified
ckd_g3a_006,kdigo_2024_ckd_guideline,data/rag/v2/raw_sources/kdigo_2024_ckd_guideline.txt,pdf,kdigo_2024_ckd_guideline.pdf,48,Chapter 3,"In patients with CKD stage G3a with comorbid diabetes or hypertension, strict risk factor modification is required to reduce kidney decline.",Glycemic and blood pressure optimization preserves kidney function in CKD G3a comorbid patients.,verified
ckd_g3a_007,kdigo_2024_ckd_guideline,data/rag/v2/raw_sources/kdigo_2024_ckd_guideline.txt,pdf,kdigo_2024_ckd_guideline.pdf,18,Chapter 1,Evaluate eGFR and albuminuria at least twice a year in patients with CKD stage G3a to monitor progression.,CKD G3a patients require laboratory monitoring of kidney function at least twice annually.,verified
ckd_g3b_001,kdigo_2024_ckd_guideline,data/rag/v2/raw_sources/kdigo_2024_ckd_guideline.txt,pdf,kdigo_2024_ckd_guideline.pdf,10,Chapter 1,"CKD Stage G3b is defined by eGFR of 30-44 mL/min/1.73 m2, indicating moderately to severely decreased kidney function.",CKD Stage G3b is characterized by moderately to severely decreased eGFR (30-44).,verified
ckd_g3b_002,kdigo_2024_ckd_guideline,data/rag/v2/raw_sources/kdigo_2024_ckd_guideline.txt,pdf,kdigo_2024_ckd_guideline.pdf,62,Chapter 3,"In adults with CKD G3b non-dialysis, suggest a protein intake of 0.6-0.8 g/kg body weight/day to delay progression and manage uremia.",Non-dialysis CKD G3b protein target is restricted to 0.6-0.8 g/kg/day.,verified
ckd_g3b_003,kdigo_2024_ckd_guideline,data/rag/v2/raw_sources/kdigo_2024_ckd_guideline.txt,pdf,kdigo_2024_ckd_guideline.pdf,60,Chapter 3,We recommend a sodium intake of <2.0 g/d in adults with CKD G3b to prevent fluid overload and control hypertension.,CKD G3b patients must restrict sodium to <2000 mg/day to avoid fluid retention.,verified
ckd_g3b_004,nkf_potassium_ckd_diet,data/rag/v2/raw_sources/nkf_potassium_ckd_diet.txt,html,nkf_potassium_ckd_diet.txt,,Potassium in CKD,"For CKD stage G3b, dietary potassium restriction should be tailored based on serum potassium levels to avoid hyperkalemia complications.",Potassium intake in CKD G3b must be adjusted according to serum potassium laboratory results.,verified
ckd_g3b_005,medlineplus_ckd_diet,data/rag/v2/raw_sources/medlineplus_ckd_diet.txt,html,medlineplus_ckd_diet.txt,,Phosphorus in CKD,"For CKD G3b, limit phosphorus rich foods (dairy, nuts, egg yolks) to maintain blood phosphorus levels and protect bone health.",CKD G3b patients should limit dietary phosphorus to prevent renal osteodystrophy.,verified
ckd_g3b_006,kdigo_2024_ckd_guideline,data/rag/v2/raw_sources/kdigo_2024_ckd_guideline.txt,pdf,kdigo_2024_ckd_guideline.pdf,18,Chapter 1,Patients with CKD stage G3b require monitoring of eGFR and albuminuria at least three times a year to track complications.,CKD G3b patients require clinical and lab monitoring at least three times annually.,verified
ckd_g3b_007,nkf_nutrition_ckd_stages_1_5,data/rag/v2/raw_sources/nkf_nutrition_ckd_stages_1_5.txt,html,nkf_nutrition_ckd_stages_1_5.txt,,Dietitian referral,Referral to a registered dietitian specializing in kidney disease (renal dietitian) is highly recommended at stage G3b to prevent malnutrition while restricting nutrients.,CKD G3b patients should consult a renal dietitian for specialized nutrition planning.,verified
ckd_g4_001,kdigo_2024_ckd_guideline,data/rag/v2/raw_sources/kdigo_2024_ckd_guideline.txt,pdf,kdigo_2024_ckd_guideline.pdf,10,Chapter 1,"CKD Stage G4 is defined by eGFR of 15-29 mL/min/1.73 m2, indicating severely decreased kidney function.",CKD Stage G4 is characterized by severely decreased eGFR (15-29).,verified
ckd_g4_002,kdigo_2024_ckd_guideline,data/rag/v2/raw_sources/kdigo_2024_ckd_guideline.txt,pdf,kdigo_2024_ckd_guideline.pdf,62,Chapter 3,Suggest a protein intake of 0.6 g/kg/d in adults with CKD G4 who are not on dialysis to reduce uremic toxins and delay renal replacement therapy.,Non-dialysis CKD G4 patients require strict protein restriction to 0.6 g/kg/day.,verified
ckd_g4_003,kdigo_2024_ckd_guideline,data/rag/v2/raw_sources/kdigo_2024_ckd_guideline.txt,pdf,kdigo_2024_ckd_guideline.pdf,60,Chapter 3,We recommend a sodium intake of <2.0 g/d in adults with CKD G4 to prevent volume overload and cardiac complications.,CKD G4 patients must limit sodium to <2000 mg/day to prevent cardiovascular overload.,verified
ckd_g4_004,nkf_potassium_ckd_diet,data/rag/v2/raw_sources/nkf_potassium_ckd_diet.txt,html,nkf_potassium_ckd_diet.txt,,Potassium in CKD,"Hyperkalemia is common and dangerous in CKD stage G4. Dietary potassium restriction is critical when blood levels rise, and must be monitored closely.",CKD G4 patients require strict dietary potassium restriction when hyperkalemia is present.,verified
ckd_g4_005,medlineplus_ckd_diet,data/rag/v2/raw_sources/medlineplus_ckd_diet.txt,html,medlineplus_ckd_diet.txt,,Phosphorus in CKD,"In CKD stage G4, limit phosphorus to 800-1000 mg/day. Avoid dairy, nuts, and foods containing phosphate additives to protect arteries.",CKD G4 patients must limit phosphorus to 800-1000 mg/day.,verified
ckd_g4_006,medlineplus_ckd_diet,data/rag/v2/raw_sources/medlineplus_ckd_diet.txt,html,medlineplus_ckd_diet.txt,,Fluid restrictions,Fluid intake in CKD stage G4 must be carefully monitored. Restriction is typically required only when there is signs of fluid retention or decreased urine output.,Fluid restrictions in CKD G4 must be individualized based on fluid retention or urine output.,verified
ckd_g4_007,kdigo_2024_ckd_guideline,data/rag/v2/raw_sources/kdigo_2024_ckd_guideline.txt,pdf,kdigo_2024_ckd_guideline.pdf,78,Chapter 3,"Prepare stage G4 patients for renal replacement therapy (RRT), educating them on hemodialysis, peritoneal dialysis, and transplantation options.",CKD G4 patients should receive education and counseling on renal replacement therapy options.,verified
ckd_g4_008,kdigo_2024_ckd_guideline,data/rag/v2/raw_sources/kdigo_2024_ckd_guideline.txt,pdf,kdigo_2024_ckd_guideline.pdf,25,Chapter 1,"Refer patients in CKD stage G4 to specialist multidisciplinary teams (nephrologists, dietitians) to manage severe renal complications and nutrition.",CKD G4 patients require multidisciplinary nephrology team referral.,verified
ckd_g5_nondialysis_001,kdigo_2024_ckd_guideline,data/rag/v2/raw_sources/kdigo_2024_ckd_guideline.txt,pdf,kdigo_2024_ckd_guideline.pdf,10,Chapter 1,"CKD Stage G5 is defined by eGFR < 15 mL/min/1.73 m2, indicating kidney failure. The non-dialysis subgroup requires active conservative care.",CKD G5 non-dialysis is characterized by eGFR < 15 without active renal replacement therapy.,verified
ckd_g5_nondialysis_002,kdigo_2024_ckd_guideline,data/rag/v2/raw_sources/kdigo_2024_ckd_guideline.txt,pdf,kdigo_2024_ckd_guideline.pdf,62,Chapter 3,Suggest a protein intake of 0.6 g/kg/d in adults with CKD G5 non-dialysis to delay dialysis. This is contrast to dialysis patients who require protein loading.,"Protein intake for CKD G5 non-dialysis must be restricted to 0.6 g/kg/day, unlike dialysis patients.",verified
ckd_g5_nondialysis_003,kdigo_2024_ckd_guideline,data/rag/v2/raw_sources/kdigo_2024_ckd_guideline.txt,pdf,kdigo_2024_ckd_guideline.pdf,60,Chapter 3,We recommend a sodium intake of <2.0 g/d in adults with CKD G5 non-dialysis to control fluid volume and hypertension.,Sodium restriction to <2000 mg/day is mandatory in CKD G5 non-dialysis.,verified
ckd_g5_nondialysis_004,nkf_potassium_ckd_diet,data/rag/v2/raw_sources/nkf_potassium_ckd_diet.txt,html,nkf_potassium_ckd_diet.txt,,Potassium in CKD,Hyperkalemia is common and dangerous in CKD stage G5 non-dialysis. Restrict dietary potassium strictly and monitor serum levels regularly to avoid cardiac arrest.,Strict potassium restriction is required in CKD G5 non-dialysis due to life-threatening hyperkalemia risk.,verified
ckd_g5_nondialysis_005,medlineplus_ckd_diet,data/rag/v2/raw_sources/medlineplus_ckd_diet.txt,html,medlineplus_ckd_diet.txt,,Phosphorus in CKD,Limit phosphorus to 800 mg/d in CKD G5. Use prescribed phosphate binders with meals to manage hyperphosphatemia.,Phosphorus restriction to 800 mg/day and phosphate binders are recommended in CKD G5 non-dialysis.,verified
ckd_g5_nondialysis_006,medlineplus_ckd_diet,data/rag/v2/raw_sources/medlineplus_ckd_diet.txt,html,medlineplus_ckd_diet.txt,,Fluid restrictions,"In stage G5 non-dialysis, fluid intake should match urine output plus 500 mL to prevent fluid overload and heart failure.",Fluid intake in CKD G5 non-dialysis should be limited to urine output plus 500 mL.,verified
ckd_g5_nondialysis_007,kdigo_2024_ckd_guideline,data/rag/v2/raw_sources/kdigo_2024_ckd_guideline.txt,pdf,kdigo_2024_ckd_guideline.pdf,28,Chapter 1,Close clinical monitoring is required in CKD stage G5 non-dialysis to identify uremic symptoms requiring initiation of renal replacement therapy.,CKD G5 non-dialysis requires close clinical supervision to detect uremic complications.,verified
ckd_g5_nondialysis_008,medlineplus_ckd_diet,data/rag/v2/raw_sources/medlineplus_ckd_diet.txt,html,medlineplus_ckd_diet.txt,,Emergency signs,"Emergency medical attention is required for stage G5 non-dialysis patients presenting with severe shortness of breath, inability to breathe lying down, or signs of hyperkalemia.",Fluid overload or severe hyperkalemia in CKD G5 non-dialysis require immediate emergency care.,verified
ckd_dialysis_001,nkf_nutrition_ckd_stages_1_5,data/rag/v2/raw_sources/nkf_nutrition_ckd_stages_1_5.txt,html,nkf_nutrition_ckd_stages_1_5.txt,,Dialysis overview,Nutritional needs for dialysis patients change significantly from pre-dialysis stages. The goal is replacing nutrients lost during dialysis sessions.,Nutrition for dialysis patients differs significantly from non-dialysis CKD.,verified
ckd_dialysis_002,nkf_nutrition_ckd_stages_1_5,data/rag/v2/raw_sources/nkf_nutrition_ckd_stages_1_5.txt,html,nkf_nutrition_ckd_stages_1_5.txt,,Dialysis overview,Dialysis removes protein waste but also amino acids. Dialysis patients require a high protein intake of 1.0-1.2 g/kg/day to maintain nutritional status.,Dialysis patients require a high protein diet (1.0-1.2 g/kg/day) to prevent muscle wasting.,verified
ckd_dialysis_003,nkf_nutrition_ckd_stages_1_5,data/rag/v2/raw_sources/nkf_nutrition_ckd_stages_1_5.txt,html,nkf_nutrition_ckd_stages_1_5.txt,,Dialysis overview,"Limit sodium to <2000 mg/d in dialysis. Excess sodium causes thirst, leading to excessive interdialytic weight gain (fluid overload) between sessions.",Sodium restriction under 2000 mg/day is required in dialysis to control fluid gain.,verified
ckd_dialysis_004,nkf_potassium_ckd_diet,data/rag/v2/raw_sources/nkf_potassium_ckd_diet.txt,html,nkf_potassium_ckd_diet.txt,,Potassium in dialysis,"Potassium guidelines in dialysis vary by modality. Peritoneal dialysis removes more potassium than hemodialysis, often requiring less restriction or even supplementation.",Potassium guidelines for dialysis patients depend on modality (hemodialysis vs peritoneal) and lab values.,verified
ckd_dialysis_005,nkf_nutrition_ckd_stages_1_5,data/rag/v2/raw_sources/nkf_nutrition_ckd_stages_1_5.txt,html,nkf_nutrition_ckd_stages_1_5.txt,,Dialysis overview,Dialysis does not clear phosphorus efficiently. Limit intake to 800-1000 mg/d and take prescribed phosphate binders with meals.,Dialysis patients require phosphorus limits (800-1000 mg) and phosphate binders with meals.,verified
ckd_dialysis_006,nkf_nutrition_ckd_stages_1_5,data/rag/v2/raw_sources/nkf_nutrition_ckd_stages_1_5.txt,html,nkf_nutrition_ckd_stages_1_5.txt,,Dialysis overview,Limit fluid intake between hemodialysis sessions to ensure interdialytic weight gain stays below 3% to 5% of dry body weight.,Hemodialysis patients must limit fluid intake to keep interdialytic weight gain below 3-5% of dry weight.,verified
ckd_dialysis_007,nkf_nutrition_ckd_stages_1_5,data/rag/v2/raw_sources/nkf_nutrition_ckd_stages_1_5.txt,html,nkf_nutrition_ckd_stages_1_5.txt,,Dialysis overview,"Collaborate closely with the dialysis care team to adjust diet, fluid, and binder usage based on monthly clinical lab evaluations.",Dialysis patients should coordinate care with their dialysis clinic team.,verified
ckd_unknown_001,medlineplus_ckd_diet,data/rag/v2/raw_sources/medlineplus_ckd_diet.txt,html,medlineplus_ckd_diet.txt,,Diet - Chronic Kidney Disease,General healthy diet for unspecified kidney disease focuses on lowering sodium intake and avoiding processed foods.,General kidney education emphasizes lower sodium and avoiding processed foods.,verified
ckd_unknown_002,kdigo_2024_ckd_guideline,data/rag/v2/raw_sources/kdigo_2024_ckd_guideline.txt,pdf,kdigo_2024_ckd_guideline.pdf,62,Chapter 3,Nutrient limits differ dramatically between non-dialysis CKD stages (protein restriction) and dialysis stages (protein loading). Stage must be identified.,CKD nutritional rules differ dramatically by stage and dialysis status.,verified
ckd_unknown_003,kdigo_2024_ckd_guideline,data/rag/v2/raw_sources/kdigo_2024_ckd_guideline.txt,pdf,kdigo_2024_ckd_guideline.pdf,15,Chapter 1,Providing accurate eGFR or doctor's staging diagnosis is necessary to receive stage-appropriate nutritional guidance.,CKD patients should provide stage/eGFR data to receive safe recommendations.,verified
ckd_unknown_004,nkf_nutrition_ckd_stages_1_5,data/rag/v2/raw_sources/nkf_nutrition_ckd_stages_1_5.txt,html,nkf_nutrition_ckd_stages_1_5.txt,,Stages 1-5 overview,"When stage is unknown, avoid specific potassium, phosphorus, or fluid restrictions to prevent adverse nutritional outcomes.",Unspecified CKD guidance should avoid specific stage-related restrictions.,verified
gout_001,medlineplus_uric_acid_blood,data/rag/v2/raw_sources/medlineplus_uric_acid_blood.txt,html,medlineplus_uric_acid_blood.txt,,Uric Acid Blood,"High uric acid levels (hyperuricemia) do not mean you have gout. Gout is diagnosed only when uric acid crystals form in joints, causing acute inflammation.","Asymptomatic hyperuricemia is a risk factor, but does not constitute a gout diagnosis.",verified
gout_002,medlineplus_gout_encyclopedia,data/rag/v2/raw_sources/medlineplus_gout_encyclopedia.txt,html,medlineplus_gout_encyclopedia.txt,,Purines,Uric acid is made when the body breaks down purines in food. Limiting purine-rich foods helps prevent uric acid crystals from depositing in joints.,Purine restriction reduces uric acid production and joint deposition in gout.,verified
gout_003,medlineplus_gout_encyclopedia,data/rag/v2/raw_sources/medlineplus_gout_encyclopedia.txt,html,medlineplus_gout_encyclopedia.txt,,Foods to avoid,"Avoid organ meats like liver, kidneys, and sweetbreads because they contain very high levels of purines and can trigger acute gout attacks.",Organ meats are extremely high purine foods that gout patients must avoid.,verified
gout_004,medlineplus_gout_encyclopedia,data/rag/v2/raw_sources/medlineplus_gout_encyclopedia.txt,html,medlineplus_gout_encyclopedia.txt,,Foods to avoid,"Limit red meats like beef, pork, and lamb. Moderate intake is advised, replacing them with lean poultry or plant proteins.",Gout patients should moderate red meat consumption.,verified
gout_005,medlineplus_gout,data/rag/v2/raw_sources/medlineplus_gout.txt,html,medlineplus_gout.txt,,Dietary guidelines,"Certain seafoods (sardines, herring, anchovies, shellfish) are high in purines. Gout patients should limit their intake to prevent flares.",High-purine seafoods like shellfish and sardines must be limited by gout patients.,verified
gout_006,medlineplus_gout_encyclopedia,data/rag/v2/raw_sources/medlineplus_gout_encyclopedia.txt,html,medlineplus_gout_encyclopedia.txt,,Foods to avoid,"Avoid alcohol, especially beer, because it contains high purines and decreases the kidneys' ability to excrete uric acid, triggering attacks.",Alcohol (especially beer) impairs uric acid excretion and triggers gout attacks.,verified
gout_007,medlineplus_gout_encyclopedia,data/rag/v2/raw_sources/medlineplus_gout_encyclopedia.txt,html,medlineplus_gout_encyclopedia.txt,,Foods to avoid,"Avoid foods and beverages sweetened with high-fructose corn syrup, as fructose metabolism stimulates purine production and raises uric acid.",Fructose-sweetened foods and drinks stimulate purine production and should be avoided in gout.,verified
gout_008,medlineplus_gout,data/rag/v2/raw_sources/medlineplus_gout.txt,html,medlineplus_gout.txt,,Dietary guidelines,Drink plenty of water (8-16 cups a day) to help flush uric acid from your body and prevent kidney stones.,Adequate hydration (2-2.5L/day) aids uric acid excretion and prevents kidney stones.,verified
gout_009,medlineplus_gout,data/rag/v2/raw_sources/medlineplus_gout.txt,html,medlineplus_gout.txt,,Dietary guidelines,"During a gout flare, restrict purines strictly and rest the affected joint. Chronic management allows a moderately restricted, balanced diet.",Diet during acute gout flares is strictly restrictive compared to chronic management.,verified
gout_010,medlineplus_gout,data/rag/v2/raw_sources/medlineplus_gout.txt,html,medlineplus_gout.txt,,Dietary guidelines,Dietary changes help but do not replace medications designed to lower uric acid levels (like allopurinol). Medication adherence is critical.,Dietary modifications do not replace pharmacotherapy (uric acid lowering drugs) in gout.,verified
obesity_001,cdc_steps_losing_weight,data/rag/v2/raw_sources/cdc_steps_losing_weight.txt,html,cdc_steps_losing_weight.txt,,Weight loss principles,"Sustainable weight management is about a lifestyle that includes healthy eating, physical activity, and behavior changes, rather than short-term diets.",Obesity management focuses on sustainable lifestyle modifications rather than quick-fix diets.,verified
obesity_002,cdc_healthy_eating_weight,data/rag/v2/raw_sources/cdc_healthy_eating_weight.txt,html,cdc_healthy_eating_weight.txt,,Portion control,"Portion control is key to managing calorie intake. Use smaller plates, measure portions, and read serving sizes on nutrition facts labels.",Portion control techniques aid calorie management for obesity.,verified
obesity_003,cdc_healthy_eating_weight,data/rag/v2/raw_sources/cdc_healthy_eating_weight.txt,html,cdc_healthy_eating_weight.txt,,Portion control,Energy density is the number of calories in a specific weight of food. Lower energy density foods (high water/fiber) help you feel full on fewer calories.,Lower energy density foods support weight loss by promoting fullness with fewer calories.,verified
obesity_004,cdc_healthy_eating_weight,data/rag/v2/raw_sources/cdc_healthy_eating_weight.txt,html,cdc_healthy_eating_weight.txt,,Portion control,Sugar-sweetened beverages contribute a lot of empty calories. Eliminating them is a simple way to create a calorie deficit.,Eliminating sugar-sweetened beverages is a key step to establish a calorie deficit for weight loss.,verified
obesity_005,cdc_steps_losing_weight,data/rag/v2/raw_sources/cdc_steps_losing_weight.txt,html,cdc_steps_losing_weight.txt,,Weight loss principles,"Physical activity is crucial for weight loss maintenance. Combined with diet, aim for 150 minutes of moderate activity weekly to sustain weight loss.",Physical activity (150 mins/week) is critical for weight loss maintenance in obesity.,verified
obesity_006,medlineplus_obesity,data/rag/v2/raw_sources/medlineplus_obesity.txt,html,medlineplus_obesity.txt,,Obesity overview,"Avoid extreme diets or crash starvation programs. They often lead to muscle loss and nutrient deficiencies rather than fat loss, and are unsustainable.",Extreme/fad diets are unsafe and ineffective for sustainable obesity management.,verified
obesity_007,medlineplus_obesity,data/rag/v2/raw_sources/medlineplus_obesity.txt,html,medlineplus_obesity.txt,,Older adults and frailty,"In older adults, weight loss must minimize muscle and bone loss. Focus on high protein and resistance exercise under clinical guidance to prevent frailty.",Obesity management in older adults must prioritize muscle retention to prevent frailty.,verified
obesity_008,medlineplus_obesity,data/rag/v2/raw_sources/medlineplus_obesity.txt,html,medlineplus_obesity.txt,,Eating disorders,"If weight management issues are related to eating disorders (like binge eating or bulimia), seek psychiatric or professional psychological support.",Obesity accompanied by eating disorders requires professional psychological intervention.,verified
safety_001,cdc_prevent_type2_guide,data/rag/v2/raw_sources/cdc_prevent_type2_guide.txt,html,cdc_prevent_type2_guide.txt,,Disclaimer,Educational health systems do not diagnose medical conditions or substitute for professional clinical diagnostic tests.,HealthyPlan is an educational tool and does not diagnose disease.,verified
safety_002,nkf_nutrition_ckd_stages_1_5,data/rag/v2/raw_sources/nkf_nutrition_ckd_stages_1_5.txt,html,nkf_nutrition_ckd_stages_1_5.txt,,Disclaimer,"Medication choices, dosage changes, or stopping therapy must be made solely under the direct instruction of a physician.","HealthyPlan does not prescribe, change, or stop medications.",verified
safety_003,medlineplus_emergency_hypoglycemia,data/rag/v2/raw_sources/medlineplus_emergency_hypoglycemia.txt,html,medlineplus_emergency_hypoglycemia.txt,,Emergency steps,"Severe hypoglycemia (confusion, convulsions, unconsciousness) is a medical emergency. Do not put anything in the mouth if unconscious; call emergency services immediately.",Severe hypoglycemia with unconsciousness is a medical emergency requiring urgent EMS.,verified
safety_004,medlineplus_emergency_chest_pain,data/rag/v2/raw_sources/medlineplus_emergency_chest_pain.txt,html,medlineplus_emergency_chest_pain.txt,,Emergency signs,Severe chest pain accompanied by shortness of breath indicates a potential cardiac emergency. Rest immediately and contact emergency medical services.,Severe chest pain and dyspnea are indicators of cardiac emergency requiring immediate EMS.,verified
safety_005,medlineplus_emergency_fainting,data/rag/v2/raw_sources/medlineplus_emergency_fainting.txt,html,medlineplus_emergency_fainting.txt,,Emergency response,"Loss of consciousness indicates severe cerebral perfusion compromise. Place the patient supine, elevate legs, loosen clothing, and seek urgent medical help.",Loss of consciousness is a medical emergency requiring supine positioning and urgent EMS.,verified
safety_006,medlineplus_emergency_stroke,data/rag/v2/raw_sources/medlineplus_emergency_stroke.txt,html,medlineplus_emergency_stroke.txt,,FAST signs,"Sudden onset of facial drooping, arm weakness, or speech difficulty (FAST) are key signs of acute stroke requiring immediate emergency transport.",Sudden focal neurological deficits (stroke signs) require immediate emergency transfer.,verified
safety_007,medlineplus_obesity,data/rag/v2/raw_sources/medlineplus_obesity.txt,html,medlineplus_obesity.txt,,Special populations,"Special populations (pregnancy, pediatric, multi-morbidities) have highly complex and conflicting dietary needs that cannot be generalized. Clinical oversight is mandatory.","Pregnancy, pediatric, and multi-morbid patients are excluded from automatic RAG recommendations.",verified
diabetes_t1_010,niddk_diabetes_diet,data/rag/v2_1/raw_sources/niddk_diabetes_diet.txt,html,niddk_diabetes_diet.txt,,Travel guidelines,"When traveling across time zones, work with your doctor to adjust insulin schedules. Keep insulin in hand luggage; checked baggage can drop below freezing.",Type 1 diabetes travel requires insulin planning and thermal protection.,verified
diabetes_t1_011,niddk_type1_diabetes,data/rag/v2_1/raw_sources/niddk_type1_diabetes.txt,html,what-is-diabetes/type-1-diabetes.txt,,Sick-day management,"Never stop taking insulin on sick days, as illness stress raises blood sugar. Check blood glucose and ketones every 4 hours.",Type 1 diabetics must continue insulin and monitor ketones during illness.,verified
diabetes_t1_012,ada_alcohol_safety,data/rag/v2_1/raw_sources/ada_alcohol_safety.txt,html,ada_alcohol_safety.txt,,Alcohol safety rules,"Alcohol blocks the liver from making glucose, increasing hypoglycemia risk up to 24 hours. Eat carbs when drinking.","Type 1 diabetics must drink alcohol in moderation, monitor blood sugar, and eat carbohydrates to prevent delayed hypoglycemia.",verified
diabetes_t1_013,ada_understanding_carbs,data/rag/v2_1/raw_sources/ada_understanding_carbs.txt,html,ada_understanding_carbs.txt,,Counting Carbs,Accurate carb counting via measuring tools is necessary to match insulin doses to meals and minimize postprandial glucose swings.,Type 1 diabetics need precise food measuring tools for carbohydrate counting.,verified
diabetes_t1_014,ada_understanding_carbs,data/rag/v2_1/raw_sources/ada_understanding_carbs.txt,html,ada_understanding_carbs.txt,,Medication timing guidelines,Skipping meals after rapid-acting insulin injection causes severe acute hypoglycemia within 1 to 2 hours.,Skipping meals after fast-acting insulin is contraindicated in type 1 diabetes.,verified
diabetes_t1_015,niddk_type1_diabetes,data/rag/v2_1/raw_sources/niddk_type1_diabetes.txt,html,what-is-diabetes/type-1-diabetes.txt,,Emergency signs,Severe hypoglycemia under 54 mg/dL requires glucagon injection and emergency services call.,Severe hypoglycemia in type 1 diabetes requires glucagon rescue and emergency response.,verified
diabetes_t1_016,ada_understanding_carbs,data/rag/v2_1/raw_sources/ada_understanding_carbs.txt,html,ada_understanding_carbs.txt,,Hypoglycemia,"Rule of 15: consume 15g fast-acting carbs, wait 15 minutes, recheck. Repeat if blood sugar is under 70 mg/dL.",The Rule of 15 is the standard treatment for conscious hypoglycemia under 70 mg/dL.,verified
diabetes_t2_011,niddk_diabetes_diet,data/rag/v2_1/raw_sources/niddk_diabetes_diet.txt,html,niddk_diabetes_diet.txt,,Physical activity,Combine aerobic exercise with resistance training 2 to 3 times a week to build muscle and improve insulin sensitivity in type 2 diabetes.,Resistance training combined with aerobic exercise improves glycemic control in type 2 diabetes.,verified
diabetes_t2_012,ada_meal_planning,data/rag/v2_1/raw_sources/ada_meal_planning.txt,html,ada_meal_planning.html,,Eating out,"When dining out with type 2 diabetes, request vegetable substitutes for starchy sides and opt for grilled/steamed dishes rather than fried ones.",Type 2 diabetics should make smart dietary adjustments when dining out.,verified
diabetes_t2_013,ada_understanding_carbs,data/rag/v2_1/raw_sources/ada_understanding_carbs.txt,html,ada_understanding_carbs.txt,,More Resources,"Read nutrition labels to check total carbs, fiber, and added sugars per serving size in type 2 diabetes diet planning.",Type 2 diabetics must read food labels for total carbohydrate and fiber contents.,verified
diabetes_t2_014,ada_eating_healthy,data/rag/v2_1/raw_sources/ada_eating_healthy.txt,html,ada_eating_healthy.txt,,General nutrition,"Healthy breakfasts for type 2 diabetes should focus on high protein and fiber (eggs, oatmeal with nuts, unsweetened yogurt) to prevent morning blood sugar spikes.","High-protein, high-fiber breakfast options help type 2 diabetics stabilize morning glucose.",verified
diabetes_t2_015,ada_eating_healthy,data/rag/v2_1/raw_sources/ada_eating_healthy.txt,html,ada_eating_healthy.txt,,General nutrition,"Opt for low-glycemic, low-calorie snacks like almonds, walnuts, cucumber slices, or a small apple between main meals in type 2 diabetes.","Type 2 diabetics should select nutrient-dense, low-glycemic snacks.",verified
diabetes_t2_016,cdc_diabetes_meal_planning,data/rag/v2_1/raw_sources/cdc_diabetes_meal_planning.txt,html,cdc_diabetes_meal_planning.txt,,Diabetes and hypertension,Type 2 diabetes comorbid with hypertension increases stroke risk significantly. Maintain blood pressure targets under 130/80 mmHg.,Managing comorbid diabetes and hypertension requires strict sodium limits and BP targets.,verified
diabetes_t2_017,kdigo_2024_ckd_guideline,data/rag/v2_1/raw_sources/kdigo_2024_ckd_guideline.txt,pdf,kdigo_2024_ckd_guideline.pdf,20,Chapter 1,Type 2 diabetes is the leading cause of CKD. Screen annually with eGFR and albuminuria from the time of diagnosis.,Type 2 diabetics require annual screening for kidney damage (eGFR and albuminuria).,verified
diabetes_t2_018,niddk_diabetes_diet,data/rag/v2_1/raw_sources/niddk_diabetes_diet.txt,html,niddk_diabetes_diet.txt,,Medication caution,Sulfonylureas in type 2 diabetes carry a higher risk of hypoglycemia compared to metformin. Patients must monitor and apply rule of 15.,Sulfonylurea medications in type 2 diabetes increase the risk of hypoglycemia.,verified
diabetes_t2_019,niddk_diabetes_diet,data/rag/v2_1/raw_sources/niddk_diabetes_diet.txt,html,niddk_diabetes_diet.txt,,Physical activity,"Perform at least 150 minutes of moderate aerobic activity per week, spread over at least 3 days, with no more than 2 consecutive days without exercise.",Type 2 diabetics should engage in 150 minutes/week of aerobic activity spread over at least 3 days.,verified
diabetes_t2_020,cdc_diabetes_meal_planning,data/rag/v2_1/raw_sources/cdc_diabetes_meal_planning.txt,html,cdc_diabetes_meal_planning.txt,,Sodium guidelines,"Limit sodium to under 2300 mg/day, or 1500 mg/day if hypertension is present, to mitigate cardiovascular risks in type 2 diabetes.",Sodium restriction to under 2300 mg/day is recommended for type 2 diabetes management.,verified
diabetes_unknown_005,ada_eating_healthy,data/rag/v2_1/raw_sources/ada_eating_healthy.txt,html,ada_eating_healthy.txt,,General nutrition,"When diabetes type is unknown, emphasize safe general dietary guidelines like non-starchy vegetables, and avoid specific carb-insulin adjustments.",Unspecified diabetes guidance should focus on general healthy eating and avoid specific therapeutic rules.,verified
diabetes_unknown_006,niddk_type1_diabetes,data/rag/v2_1/raw_sources/niddk_type1_diabetes.txt,html,what-is-diabetes/type-1-diabetes.txt,,General overview,Type 1 diabetes is autoimmune beta cell destruction (absolute insulin lack); type 2 is insulin resistance. Type specification is essential for safety.,Autoimmune nature of type 1 diabetes vs lifestyle factors of type 2 dictates therapeutic differences.,verified
diabetes_unknown_007,niddk_type1_diabetes,data/rag/v2_1/raw_sources/niddk_type1_diabetes.txt,html,what-is-diabetes/type-1-diabetes.txt,,Medication caution,Medication initiation or dosage adjustments are contraindicated without clinical diagnostic typing. Consultation with a provider is mandatory.,Medication changes are contraindicated for patients with unspecified diabetes classification.,verified
prediabetes_009,cdc_prevent_type2_guide,data/rag/v2_1/raw_sources/cdc_prevent_type2_guide.txt,html,cdc_prevent_type2_guide.txt,,Dietary recommendations,Liquid sugars like milk tea and soda cause rapid glucose spikes and worsen insulin resistance. Substitute with water or unsweetened tea.,Prediabetics should eliminate sugar-sweetened beverages to improve insulin response.,verified
prediabetes_010,cdc_prevent_type2_guide,data/rag/v2_1/raw_sources/cdc_prevent_type2_guide.txt,html,cdc_prevent_type2_guide.txt,,Physical activity,"A short 10-15 minute walk immediately after meals helps muscles absorb glucose, flattening postprandial blood sugar spikes.",Postprandial light walking assists immediate glucose clearance in prediabetes.,verified
prediabetes_011,nih_sleep_weight,data/rag/v2_1/raw_sources/nih_sleep_weight.txt,html,nih_sleep_weight.txt,,Hormonal controls,"Sleep restriction alters hunger hormones and raises cortisol levels, worsening insulin resistance and weight control.",Adequate sleep (7-8 hours) is necessary to maintain normal insulin sensitivity in prediabetes.,verified
prediabetes_012,cdc_prevent_type2_guide,data/rag/v2_1/raw_sources/cdc_prevent_type2_guide.txt,html,cdc_prevent_type2_guide.txt,,Dietary recommendations,Do not eliminate carbohydrates completely. Extreme carb cutting is unsustainable and causes muscle loss. Focus on complex carbohydrates and portions.,Prediabetics should focus on carbohydrate quality and moderation rather than total elimination.,verified
prediabetes_013,cdc_prediabetes_lifestyle_change,data/rag/v2_1/raw_sources/cdc_prediabetes_lifestyle_change.txt,html,cdc_prediabetes_lifestyle_change.txt,,Risk factors,"Progression risk is higher for sedentary individuals, overweight, family history of diabetes, or age >=45. Regular testing is required.",High-risk prediabetic populations require proactive screening and lifestyle change.,verified
prediabetes_014,cdc_prediabetes_monitoring,data/rag/v2_1/raw_sources/cdc_prediabetes_monitoring.txt,html,cdc_prediabetes_monitoring.txt,,HbA1c tests,Measure HbA1c every 6 to 12 months to monitor long-term average glucose and evaluate lifestyle intervention efficacy.,HbA1c monitoring every 6-12 months tracks prediabetes progression and management.,verified
prediabetes_015,cdc_prediabetes_lifestyle_change,data/rag/v2_1/raw_sources/cdc_prediabetes_lifestyle_change.txt,html,cdc_prediabetes_lifestyle_change.txt,,Lifestyle Change Program,"Structured programs offer guidance on weight loss, dietary modifications, and physical activity to prevent type 2 diabetes.",Structured lifestyle intervention programs support sustained prediabetes reversal.,verified
hypertension_010,aha_shaking_salt_habit,data/rag/v2_1/raw_sources/aha_shaking_salt_habit.txt,html,aha_shaking_salt_habit.txt,,Condiments,"Condiments like soy sauce are high in sodium, with a single tablespoon containing a substantial portion of the daily sodium allowance.",Soy sauce is a concentrated sodium source that hypertensive patients should restrict.,verified
hypertension_011,cdc_sodium_health,data/rag/v2_1/raw_sources/cdc_sodium_health.txt,html,cdc_sodium_health.txt,,Processed food sources,"Instant noodles and their seasoning packets contain high amounts of sodium, often exceeding recommended daily limits in a single serving.",Instant noodles contain high sodium levels; seasoning packets must be restricted.,verified
hypertension_012,cdc_sodium_health,data/rag/v2_1/raw_sources/cdc_sodium_health.txt,html,cdc_sodium_health.txt,,Processed food sources,Processed meats like sausages and deli meats contain high levels of sodium added during processing. Fresh meats are preferred.,Processed meats are rich in sodium and should be minimized by hypertensive individuals.,verified
hypertension_013,aha_sodium_per_day,data/rag/v2_1/raw_sources/aha_sodium_per_day.txt,html,aha_sodium_per_day.txt,,Warnings on processed foods,"Check sodium content on nutrition facts labels. A %DV of 5% or less is low in sodium, while 20% or more is high.",Hypertensive patients should select packaged foods with a %DV of sodium under 5%.,verified
hypertension_014,aha_dash_diet,data/rag/v2_1/raw_sources/aha_dash_diet.txt,html,aha_dash_diet.txt,,DASH diet principles,"The DASH eating plan is rich in fruits, vegetables, whole grains, and low-fat dairy. It restricts saturated fat and sodium to 1500-2300 mg.",The DASH eating plan is clinically proven to reduce blood pressure; limits sodium to 1500-2300 mg.,verified
hypertension_015,medlineplus_caffeine,data/rag/v2_1/raw_sources/medlineplus_caffeine.txt,html,medlineplus_caffeine.txt,,Vasoconstriction,Caffeine causes a temporary increase in blood pressure by blocking vasodilating hormones. Uncontrolled hypertensive patients should avoid high intake.,Caffeine causes transient blood pressure elevations; restrict when BP is uncontrolled.,verified
hypertension_016,aha_shaking_salt_habit,data/rag/v2_1/raw_sources/aha_shaking_salt_habit.txt,html,aha_shaking_salt_habit.txt,,Dietary patterns,Limit alcohol to prevent rise in blood pressure. Recommendations are max 2 drinks/day for men and 1 drink/day for women.,Alcohol restriction to under 2 drinks/day (men) and 1 drink/day (women) protects blood pressure.,verified
hypertension_017,cdc_sodium_health,data/rag/v2_1/raw_sources/cdc_sodium_health.txt,html,cdc_sodium_health.txt,,Sodium mechanisms,"Aerobic exercise for 30-45 minutes, 5 days a week, lowers systolic blood pressure by 5-8 mmHg over time.",Regular aerobic exercise reduces systolic blood pressure by 5-8 mmHg.,verified
hypertension_018,cdc_sodium_health,data/rag/v2_1/raw_sources/cdc_sodium_health.txt,html,cdc_sodium_health.txt,,Sodium mechanisms,"For accurate home blood pressure readings, sit quietly for 5 minutes, arm at heart level, feet flat on the floor, no caffeine or tobacco prior.",Proper sitting posture and relaxation are required for accurate home blood pressure measurement.,verified
ckd_g1_006,kdigo_2024_ckd_guideline,data/rag/v2_1/raw_sources/kdigo_2024_ckd_guideline.txt,pdf,kdigo_2024_ckd_guideline.pdf,48,Chapter 3,"In patients with CKD and diabetes, optimization of glycemic control (glycemic target) is required to reduce progression risk in early stage G1.",Glycemic control targets protect the kidneys from microvascular damage in early stage G1 CKD.,verified
ckd_g1_007,kdigo_2024_ckd_guideline,data/rag/v2_1/raw_sources/kdigo_2024_ckd_guideline.txt,pdf,kdigo_2024_ckd_guideline.pdf,52,Chapter 3,Hyperlipidemia in CKD stage G1 increases atherosclerotic renal artery stenosis and cardiovascular risks. Saturated fat restriction is advised.,Saturated fat restriction mitigates cardiovascular risks in CKD Stage G1.,verified
ckd_g1_008,nkf_nutrition_ckd_stages_1_5,data/rag/v2_1/raw_sources/nkf_nutrition_ckd_stages_1_5.txt,html,nkf_nutrition_ckd_stages_1_5.txt,,Stages 1-5 overview,"At CKD stage G1, drink adequate fluids (1.5-2 liters) to aid waste excretion unless contraindicated by cardiac conditions.",Adequate hydration is encouraged in early CKD stage G1 to support renal clearance.,verified
ckd_g2_006,kdigo_2024_ckd_guideline,data/rag/v2_1/raw_sources/kdigo_2024_ckd_guideline.txt,pdf,kdigo_2024_ckd_guideline.pdf,44,Chapter 3,"In patients with CKD stage G2 and hypertension, ACE inhibitors or ARBs are recommended as first-line agents due to renal protective effects.",First-line ACEi/ARB therapy provides renal protection in CKD Stage G2 with hypertension.,verified
ckd_g2_007,medlineplus_ckd_diet,data/rag/v2_1/raw_sources/medlineplus_ckd_diet.txt,html,medlineplus_ckd_diet.txt,,Diet and medication,Avoid herbal supplements and unprescribed traditional medicines in CKD stage G2 to prevent direct renal tubular toxicity.,Unprescribed herbal supplements are contraindicated in CKD Stage G2 to prevent renal toxicity.,verified
ckd_g2_008,kdigo_2024_ckd_guideline,data/rag/v2_1/raw_sources/kdigo_2024_ckd_guideline.txt,pdf,kdigo_2024_ckd_guideline.pdf,58,Chapter 3,Recommend regular physical activity (minimum 150 minutes/week) in patients with CKD stage G2 to lower cardiovascular risk factors.,Regular physical activity supports cardiovascular health in CKD Stage G2.,verified
ckd_g3a_008,kdigo_2024_ckd_guideline,data/rag/v2_1/raw_sources/kdigo_2024_ckd_guideline.txt,pdf,kdigo_2024_ckd_guideline.pdf,62,Chapter 3,"In adults with CKD G3a non-dialysis, suggest a protein intake of 0.6-0.8 g/kg body weight/day from high-quality sources to mitigate uremic load.",CKD Stage G3a protein target is a moderate 0.6-0.8 g/kg/day.,verified
ckd_g3a_009,medlineplus_ckd_diet,data/rag/v2_1/raw_sources/medlineplus_ckd_diet.txt,html,medlineplus_ckd_diet.txt,,Phosphorus in CKD,Limit inorganic phosphorus additives in CKD G3a; they are highly absorbed and contribute to hyperphosphatemia and vascular calcification.,Inorganic phosphorus food additives should be restricted in CKD Stage G3a.,verified
ckd_g3a_010,kdigo_2024_ckd_guideline,data/rag/v2_1/raw_sources/kdigo_2024_ckd_guideline.txt,pdf,kdigo_2024_ckd_guideline.pdf,72,Chapter 3,Anemia screening (hemoglobin levels) is recommended annually in CKD stage G3a due to potential decline in erythropoietin production.,CKD Stage G3a patients require annual anemia screening.,verified
ckd_g3a_011,kdigo_2024_ckd_guideline,data/rag/v2_1/raw_sources/kdigo_2024_ckd_guideline.txt,pdf,kdigo_2024_ckd_guideline.pdf,80,Chapter 3,Iodinated contrast media poses a nephrotoxic risk in CKD stage G3a. Coordinate with a nephrologist and ensure adequate hydration.,Iodinated contrast media use requires prior clinical preparation in CKD Stage G3a.,verified
ckd_g3b_008,kdigo_2024_ckd_guideline,data/rag/v2_1/raw_sources/kdigo_2024_ckd_guideline.txt,pdf,kdigo_2024_ckd_guideline.pdf,62,Chapter 3,Protein restriction (0.6-0.8 g/kg/d) and substitution with plant-based protein is suggested in CKD stage G3b to prevent metabolic acidosis.,Plant-based protein substitution is recommended within the CKD Stage G3b target of 0.6-0.8 g/kg/day.,verified
ckd_g3b_009,nkf_potassium_ckd_diet,data/rag/v2_1/raw_sources/nkf_potassium_ckd_diet.txt,html,nkf_potassium_ckd_diet.txt,,Potassium in CKD,"In CKD stage G3b, adjust dietary potassium when serum levels exceed 5.0 mEq/L to prevent cardiac arrhythmia risks.",Potassium dietary restriction is indicated in CKD Stage G3b when serum levels exceed 5.0 mEq/L.,verified
ckd_g3b_010,kdigo_2024_ckd_guideline,data/rag/v2_1/raw_sources/kdigo_2024_ckd_guideline.txt,pdf,kdigo_2024_ckd_guideline.pdf,68,Chapter 3,Monitor serum calcium and phosphorus in CKD stage G3b to evaluate renal bone disease risk and calcium-phosphate product elevations.,Calcium and phosphorus laboratory monitoring is required in CKD Stage G3b to prevent bone disease.,verified
ckd_g3b_011,kdigo_2024_ckd_guideline,data/rag/v2_1/raw_sources/kdigo_2024_ckd_guideline.txt,pdf,kdigo_2024_ckd_guideline.pdf,76,Chapter 3,Renally cleared medications require dosage adjustments in CKD stage G3b (e.g. metformin dosage limits) to prevent drug accumulation toxicity.,Renally cleared medications require clinical dosage review in CKD Stage G3b.,verified
ckd_g4_009,kdigo_2024_ckd_guideline,data/rag/v2_1/raw_sources/kdigo_2024_ckd_guideline.txt,pdf,kdigo_2024_ckd_guideline.pdf,64,Chapter 3,"In patients with CKD stage G4 and metabolic acidosis, oral sodium bicarbonate therapy is suggested to slow decline and manage bone loss.",Metabolic acidosis management via bicarbonate is indicated in CKD Stage G4.,verified
ckd_g4_010,kdigo_2024_ckd_guideline,data/rag/v2_1/raw_sources/kdigo_2024_ckd_guideline.txt,pdf,kdigo_2024_ckd_guideline.pdf,74,Chapter 3,"Immunize patients in CKD stage G4 against hepatitis B early, as antibody response is better prior to starting hemodialysis.",Hepatitis B immunization is recommended in CKD Stage G4 prior to dialysis initiation.,verified
ckd_g4_011,kdigo_2024_ckd_guideline,data/rag/v2_1/raw_sources/kdigo_2024_ckd_guideline.txt,pdf,kdigo_2024_ckd_guideline.pdf,78,Chapter 3,Preserve peripheral veins in the non-dominant arm of patients in CKD stage G4 to protect future arteriovenous fistula (AVF) surgical sites.,Peripheral vein preservation is required in CKD Stage G4 for future dialysis access.,verified
ckd_g4_012,nkf_potassium_ckd_diet,data/rag/v2_1/raw_sources/nkf_potassium_ckd_diet.txt,html,nkf_potassium_ckd_diet.txt,,Potassium in CKD,"Hyperkalemia is critical in CKD stage G4. Avoid salt substitutes containing potassium chloride, and monitor dietary potassium strictly.",Salt substitutes containing potassium chloride are contraindicated in CKD Stage G4 due to hyperkalemia risk.,verified
ckd_g4_013,kdigo_2024_ckd_guideline,data/rag/v2_1/raw_sources/kdigo_2024_ckd_guideline.txt,pdf,kdigo_2024_ckd_guideline.pdf,68,Chapter 3,CKD-MBD is highly prevalent at stage G4. Calcitriol or phosphate binder dosing must be carefully controlled; avoid high-dose calcium without clinical review.,High-dose calcium supplements are contraindicated in CKD Stage G4 without clinician monitoring.,verified
ckd_g5_nondialysis_009,kdigo_2024_ckd_guideline,data/rag/v2_1/raw_sources/kdigo_2024_ckd_guideline.txt,pdf,kdigo_2024_ckd_guideline.pdf,64,Chapter 3,"In CKD stage G5 non-dialysis, treat metabolic acidosis to maintain serum bicarbonate above 22 mEq/L to delay ESRD decline.",Target serum bicarbonate level in CKD G5 non-dialysis is above 22 mEq/L.,verified
ckd_g5_nondialysis_010,medlineplus_ckd_diet,data/rag/v2_1/raw_sources/medlineplus_ckd_diet.txt,html,medlineplus_ckd_diet.txt,,Phosphorus in CKD,Phosphate binders must be taken with meals in CKD stage G5 to bind dietary phosphorus and prevent hyperphosphatemia complications.,Phosphate binders must be taken concurrently with meals in CKD Stage G5 non-dialysis.,verified
ckd_g5_nondialysis_011,nkf_nutrition_ckd_stages_1_5,data/rag/v2_1/raw_sources/nkf_nutrition_ckd_stages_1_5.txt,html,nkf_nutrition_ckd_stages_1_5.txt,,Stages 1-5 overview,"Plant-based phosphorus is less absorbed (30-40% absorption rate) in CKD stage G5 non-dialysis due to phytate binding, making it safer than animal phosphorus.",Plant-based phosphorus has a low absorption rate (30-40%) in CKD Stage G5 non-dialysis.,verified
ckd_g5_nondialysis_012,kdigo_2024_ckd_guideline,data/rag/v2_1/raw_sources/kdigo_2024_ckd_guideline.txt,pdf,kdigo_2024_ckd_guideline.pdf,78,Chapter 3,Uremic symptoms like anorexia and nausea in CKD stage G5 non-dialysis indicate close need for dialysis transition planning.,Uremic symptoms in CKD G5 non-dialysis indicate the need for dialysis transition planning.,verified
ckd_g5_nondialysis_013,kdigo_2024_ckd_guideline,data/rag/v2_1/raw_sources/kdigo_2024_ckd_guideline.txt,pdf,kdigo_2024_ckd_guideline.pdf,76,Chapter 3,Stop metformin in CKD stage G5 (eGFR < 15) to prevent lactic acidosis. Dosing of other oral antidiabetics must be clinically reviewed.,Metformin is contraindicated in CKD Stage G5 non-dialysis due to lactic acidosis risk.,verified
ckd_dialysis_008,nkf_nutrition_ckd_stages_1_5,data/rag/v2_1/raw_sources/nkf_nutrition_ckd_stages_1_5.txt,html,nkf_nutrition_ckd_stages_1_5.txt,,Dialysis fluid rules,Hemodialysis fluid limits target interdialytic weight gain below 3% to 5% of dry weight. Limit fluid to urine output plus 500-700 mL.,Fluid limits in hemodialysis target interdialytic weight gain below 3-5% of dry body weight.,verified
ckd_dialysis_009,nkf_potassium_ckd_diet,data/rag/v2_1/raw_sources/nkf_potassium_ckd_diet.txt,html,nkf_potassium_ckd_diet.txt,,Potassium in dialysis,Peritoneal dialysis allows more liberal fluid and potassium intake than hemodialysis because fluid removal is continuous.,Peritoneal dialysis patients generally have less restrictive fluid and potassium limits than hemodialysis patients.,verified
ckd_dialysis_010,nkf_potassium_ckd_diet,data/rag/v2_1/raw_sources/nkf_potassium_ckd_diet.txt,html,nkf_potassium_ckd_diet.txt,,Potassium in dialysis,Adjust dietary potassium in hemodialysis based on monthly serum potassium to avoid hyperkalemia and hypokalemia.,Hemodialysis dietary potassium adjustment must be guided by monthly serum potassium results.,verified
ckd_dialysis_011,nkf_nutrition_ckd_stages_1_5,data/rag/v2_1/raw_sources/nkf_nutrition_ckd_stages_1_5.txt,html,nkf_nutrition_ckd_stages_1_5.txt,,Dialysis overview,Peritoneal dialysis removes significant proteins (5-15g/day). A high protein diet of 1.2 g/kg/day is required.,Peritoneal dialysis patients require a high protein intake (1.2 g/kg/day) to compensate for dialysis losses.,verified
ckd_dialysis_012,nkf_nutrition_ckd_stages_1_5,data/rag/v2_1/raw_sources/nkf_nutrition_ckd_stages_1_5.txt,html,nkf_nutrition_ckd_stages_1_5.txt,,Dialysis access care,Protect the AVF access site in hemodialysis patients: avoid BP checks or infusions on the access arm to prevent stenosis.,Hemodialysis patients must protect their vascular access (AVF) by avoiding blood pressure measurement on the access arm.,verified
ckd_dialysis_013,nkf_nutrition_ckd_stages_1_5,data/rag/v2_1/raw_sources/nkf_nutrition_ckd_stages_1_5.txt,html,nkf_nutrition_ckd_stages_1_5.txt,,Dialysis overview,Water-soluble vitamins are lost during hemodialysis. Supplement with specialized renal vitamins containing B-complex and C.,Water-soluble vitamins are cleared during hemodialysis and require supplementation.,verified
ckd_unknown_005,medlineplus_ckd_diet,data/rag/v2_1/raw_sources/medlineplus_ckd_diet.txt,html,medlineplus_ckd_diet.txt,,Diet - Chronic Kidney Disease,Avoid specific fluid and protein targets when CKD stage is unknown. Maintain basic low-sodium diet and seek eGFR testing.,Dietary guidelines for unspecified CKD should focus on general sodium limits without setting fluid or protein targets.,verified
ckd_unknown_006,kdigo_2024_ckd_guideline,data/rag/v2_1/raw_sources/kdigo_2024_ckd_guideline.txt,pdf,kdigo_2024_ckd_guideline.pdf,14,Chapter 1,Serum creatinine alone is not sufficient to evaluate renal function. Staging requires calculated eGFR and urine albumin levels.,CKD evaluation requires calculated eGFR and urine albumin-to-creatinine ratio (UACR).,verified
ckd_unknown_007,medlineplus_ckd_diet,data/rag/v2_1/raw_sources/medlineplus_ckd_diet.txt,html,medlineplus_ckd_diet.txt,,Diet and medication,"NSAID avoidance is crucial for all CKD stages, especially when stage is unspecified, to prevent precipitating acute-on-chronic kidney injury.",NSAID medications are contraindicated for patients with unspecified chronic kidney disease.,verified
gout_011,medlineplus_gout_encyclopedia,data/rag/v2_1/raw_sources/medlineplus_gout_encyclopedia.txt,html,medlineplus_gout_encyclopedia.txt,,Foods to avoid,Meat extracts and gravies contain highly concentrated purines and should be avoided by gout patients.,Meat broths and extracts are concentrated purine sources that gout patients should avoid.,verified
gout_012,medlineplus_gout_encyclopedia,data/rag/v2_1/raw_sources/medlineplus_gout_encyclopedia.txt,html,medlineplus_gout_encyclopedia.txt,,Foods to avoid,"Purine-rich vegetables (beans, lentils, spinach, asparagus) do not increase gout flare risk like animal purines do.",Purine-rich vegetables do not associate with increased risk of gout flares.,verified
gout_013,medlineplus_gout_encyclopedia,data/rag/v2_1/raw_sources/medlineplus_gout_encyclopedia.txt,html,medlineplus_gout_encyclopedia.txt,,Foods to avoid,Low-fat dairy products can lower uric acid levels and help prevent gout attacks by promoting renal clearance.,Low-fat dairy products promote uric acid excretion and help manage gout.,verified
gout_014,medlineplus_gout,data/rag/v2_1/raw_sources/medlineplus_gout.txt,html,medlineplus_gout.txt,,Dietary guidelines,Rapid weight loss or fasting triggers gout attacks because ketone bodies compete with uric acid excretion in the kidneys.,Rapid weight loss or fasting is contraindicated in gout due to ketone-induced hyperuricemia.,verified
gout_015,nkf_gout_ckd,data/rag/v2_1/raw_sources/nkf_gout_ckd.txt,html,nkf_gout_ckd.txt,,Hyperuricemia and CKD,"In CKD, decreased uric acid clearance raises gout risk; conversely, urate crystals in the kidneys can accelerate renal damage.",Gout and CKD have a bidirectional exacerbating relationship.,verified
gout_016,medlineplus_uric_acid_blood,data/rag/v2_1/raw_sources/medlineplus_uric_acid_blood.txt,html,medlineplus_uric_acid_blood.txt,,Normal Results,Target uric acid is less than 6.0 mg/dL (or 5.0 mg/dL for severe gout) to dissolve existing crystals and prevent flares.,Long-term uric acid target for gout control is under 6.0 mg/dL.,verified
gout_017,medlineplus_gout_encyclopedia,data/rag/v2_1/raw_sources/medlineplus_gout_encyclopedia.txt,html,medlineplus_gout_encyclopedia.txt,,Foods to avoid,"Spirits and strong alcohols increase lactic acid, which competes with uric acid excretion, causing rapid spikes in blood levels.",Distilled spirits impair uric acid clearance via lactic acid accumulation.,verified
gout_018,medlineplus_gout,data/rag/v2_1/raw_sources/medlineplus_gout.txt,html,medlineplus_gout.txt,,Dietary guidelines,Dietary modifications reduce uric acid by only 1-2 mg/dL. They support but do not replace uric-acid-lowering medications.,"Dietary changes reduce uric acid by a modest 1-2 mg/dL, necessitating medical therapy for chronic gout.",verified
obesity_009,medlineplus_obesity,data/rag/v2_1/raw_sources/medlineplus_obesity.txt,html,medlineplus_obesity.txt,,Eating disorders,Emotional eating in response to stress or anxiety is a major factor in calorie surplus. Identify and substitute with non-food stressors.,Emotional eating triggers calorie surplus and requires behavioral modification.,verified
obesity_010,nih_sleep_weight,data/rag/v2_1/raw_sources/nih_sleep_weight.txt,html,nih_sleep_weight.txt,,Hormonal controls,"Sleep deprivation alters leptin and ghrelin levels, increasing appetite and abdominal fat storage via elevated cortisol.",Sleep restriction promotes appetite and fat accumulation via leptin/ghrelin and cortisol disruption.,verified
obesity_011,cdc_healthy_eating_weight,data/rag/v2_1/raw_sources/cdc_healthy_eating_weight.txt,html,cdc_healthy_eating_weight.txt,,Portion control,"Eat low energy density foods (vegetables, water-rich foods) first to promote satiety and naturally reduce intake of high-calorie foods.",Pre-loading with low energy density foods supports portion control and weight loss.,verified
obesity_012,medlineplus_obesity,data/rag/v2_1/raw_sources/medlineplus_obesity.txt,html,medlineplus_obesity.txt,,Dietary guidelines,High-protein intake increases satiety due to high thermic effect of food and helps preserve lean muscle mass during calorie restriction.,Dietary protein supports weight loss by increasing satiety and preserving muscle mass.,verified
obesity_013,cdc_steps_losing_weight,data/rag/v2_1/raw_sources/cdc_steps_losing_weight.txt,html,cdc_steps_losing_weight.txt,,Weight loss principles,A safe and sustainable rate of weight loss is 1 to 2 pounds (0.5 to 1 kg) per week to prevent yoyo weight gain and muscle loss.,"Safe, sustainable weight loss rate is 0.5 to 1.0 kg per week.",verified
obesity_014,cdc_steps_losing_weight,data/rag/v2_1/raw_sources/cdc_steps_losing_weight.txt,html,cdc_steps_losing_weight.txt,,Weight loss principles,Regular physical activity (150 minutes/week) and resistance exercises prevent weight regain by maintaining basal metabolic rate.,Regular physical activity (150 mins/week) is critical to prevent weight regain after loss.,verified
obesity_015,cdc_steps_losing_weight,data/rag/v2_1/raw_sources/cdc_steps_losing_weight.txt,html,cdc_steps_losing_weight.txt,,Weight loss principles,Abdominal fat increases insulin resistance. Losing 5-10% of body weight improves insulin action and glycemic control in type 2 diabetes.,Visceral fat drives insulin resistance; weight reduction of 5-10% restores glycemic control.,verified
obesity_016,cdc_healthy_eating_weight,data/rag/v2_1/raw_sources/cdc_healthy_eating_weight.txt,html,cdc_healthy_eating_weight.txt,,Weight management,Weight loss reduces cardiac workload and blood volume. Every kg of weight lost decreases systolic blood pressure by approximately 1 mmHg.,Weight loss directly reduces systolic blood pressure by approximately 1 mmHg per kg lost.,verified
safety_008,medlineplus_obesity,data/rag/v2_1/raw_sources/medlineplus_obesity.txt,html,medlineplus_obesity.txt,,Older adults and frailty,Sarcopenic obesity in older adults carries high risk of frailty. Restrictive diets must be combined with high protein and resistance exercise.,Restrictive diets in older adults must preserve muscle via high protein and resistance exercise to avoid frailty.,verified
safety_009,medlineplus_obesity,data/rag/v2_1/raw_sources/medlineplus_obesity.txt,html,medlineplus_obesity.txt,,Eating disorders,"Eating disorders (anorexia, bulimia, binge eating) require specialized psychiatric and clinical nutrition support, excluding automatic advice.",Eating disorders exclude individuals from automated self-guided weight loss recommendations.,verified
safety_010,kdigo_2024_ckd_guideline,data/rag/v2_1/raw_sources/kdigo_2024_ckd_guideline.txt,pdf,kdigo_2024_ckd_guideline.pdf,16,Chapter 1,Insufficient or contradictory clinical values require retesting and professional diagnostic review before setting nutritional limits.,Contradictory or incomplete clinical data requires clinical recheck and excludes automated advice.,verified
safety_011,medlineplus_obesity,data/rag/v2_1/raw_sources/medlineplus_obesity.txt,html,medlineplus_obesity.txt,,Special populations,Patients with complex comorbidities (e.g. advanced CKD G4 with obesity) have conflicting nutrient needs and must be excluded from automated RAG guidance.,Automated recommendations are disabled for patients with conflicting comorbidities; clinician referral is mandatory.,verified
