chunk_id,condition_code,content,source_id
diabetes_t1_001,diabetes_type_1,"Đối với người mắc đái tháo đường type 1, nguyên tắc dinh dưỡng tổng quát nhấn mạnh việc phối hợp chặt chẽ giữa chế độ ăn uống, hoạt động thể lực và liều lượng insulin được tiêm vào cơ thể. Không có một chế độ ăn kiêng duy nhất cho tất cả mọi người, nhưng người đái tháo đường type 1 cần hướng tới các bữa ăn giàu đạm nạc, chất xơ và chất béo lành mạnh để kiểm soát đường huyết ổn định.",niddk_type1_diabetes
diabetes_t1_002,diabetes_type_1,"Nhận biết lượng carbohydrate là một kỹ năng thiết yếu đối với người bệnh đái tháo đường type 1. Vì carbohydrate ảnh hưởng trực tiếp và nhanh nhất đến mức đường huyết sau ăn, người đái tháo đường type 1 cần học cách đếm carbohydrate trong từng bữa ăn để tính toán liều insulin bolus (insulin trước bữa ăn) phù hợp theo hướng dẫn của bác sĩ.",ada_understanding_carbs
diabetes_t1_003,diabetes_type_1,Thời gian ăn uống và tính nhất quán của bữa ăn đóng vai trò rất quan trọng đối với người bệnh đái tháo đường type 1. Bỏ bữa hoặc ăn uống không đều đặn khi đang tiêm các loại insulin tác dụng kéo dài có thể dẫn đến nguy cơ hạ đường huyết nghiêm trọng. Người dùng nên duy trì thời gian ăn uống cố định và hỏi ý kiến nhân viên y tế nếu cần thay đổi lịch trình sinh hoạt.,niddk_diabetes_diet
diabetes_t1_005,diabetes_type_1,"Người bệnh đái tháo đường type 1 cần đặc biệt lưu ý an toàn khi hoạt động thể lực. Tập luyện thể dục thể thao làm tăng độ nhạy insulin và tiêu hao năng lượng, do đó có thể gây hạ đường huyết trong hoặc sau khi tập (kéo dài tới 24 giờ). Người dùng cần kiểm tra đường huyết trước khi tập và chuẩn bị sẵn carbohydrate tác dụng nhanh (như nước ngọt, kẹo) để xử lý kịp thời.",niddk_diabetes_diet
diabetes_t1_006,diabetes_type_1,"Nhận biết sớm các triệu chứng hạ đường huyết là vô cùng quan trọng đối với người bệnh đái tháo đường type 1. Hạ đường huyết (đường huyết dưới 70 mg/dL hoặc 3.9 mmol/L) có thể biểu hiện bằng cảm giác run rẩy, vã mồ hôi, tim đập nhanh, chóng mặt hoặc đói cồn cào. Khi gặp tình trạng này, người dùng cần áp dụng ngay quy tắc 15 (ăn 15g carbohydrate nhanh, đợi 15 phút và kiểm tra lại).",ada_understanding_carbs
diabetes_t1_008,diabetes_type_1,"Quyết định điều chỉnh liều lượng hoặc loại insulin cho người bệnh đái tháo đường type 1 phải được thực hiện bởi bác sĩ chuyên khoa hoặc nhân viên y tế có thẩm quyền. Người bệnh tuyệt đối không tự ý ngưng hoặc thay đổi liều insulin nền (basal) hay insulin bữa ăn (bolus) mà không có sự tham vấn lâm sàng, để tránh các biến chứng đe dọa tính mạng.",niddk_type1_diabetes
diabetes_t1_009,diabetes_type_1,"Người bệnh đái tháo đường type 1 cần tìm kiếm sự trợ giúp y tế khẩn cấp ngay lập tức nếu xuất hiện các triệu chứng của nhiễm toan ceton (buồn nôn, nôn mửa liên tục, hơi thở mùi trái cây, lú lẫn, thở nhanh, sâu) hoặc khi tình trạng hạ đường huyết nghiêm trọng không thể cải thiện sau khi áp dụng quy tắc 15 hoặc khi người bệnh bất tỉnh.",niddk_type1_diabetes
diabetes_t2_001,diabetes_type_2,"Đối với người mắc đái tháo đường type 2, nguyên tắc dinh dưỡng chủ đạo tập trung vào việc cải thiện độ nhạy insulin của cơ thể và hỗ trợ quản lý đường huyết lâu dài. Chế độ ăn uống lành mạnh nên ưu tiên các loại rau không tinh bột, ngũ cốc nguyên hạt, đạm nạc và hạn chế các chất béo bão hòa cùng các carbohydrate tinh chế để tránh làm tăng vọt đường huyết.",ada_eating_healthy
diabetes_t2_002,diabetes_type_2,"Chất lượng carbohydrate là yếu tố quyết định trong kế hoạch ăn uống của người bệnh đái tháo đường type 2. Người bệnh không cần cắt bỏ hoàn toàn carbohydrate, nhưng nên thay thế các loại carbohydrate tinh chế (như gạo trắng, bánh mì trắng, nước ngọt) bằng carbohydrate phức tạp giàu chất xơ (như gạo lứt, ngũ cốc nguyên hạt, các loại đậu) để làm chậm quá trình hấp thu glucose.",ada_understanding_carbs
diabetes_t2_003,diabetes_type_2,"Kiểm soát khẩu phần ăn bằng phương pháp đĩa thức ăn (Diabetes Plate Method) rất hữu ích cho người bệnh đái tháo đường type 2. Theo phương pháp này, đĩa ăn tiêu chuẩn (đường kính khoảng 23cm) nên được chia làm ba phần: một nửa đĩa dành cho các loại rau không chứa tinh bột, một phần tư dành cho đạm nạc (cá, thịt gà, đậu phụ) và một phần tư còn lại dành cho thực phẩm giàu tinh bột phức hợp.",cdc_diabetes_meal_planning
diabetes_t2_004,diabetes_type_2,"Hạn chế tối đa các loại đồ uống ngọt là khuyến nghị hàng đầu đối với người bệnh đái tháo đường type 2. Nước ngọt, nước ép trái cây đóng hộp, trà sữa hoặc cà phê thêm nhiều sữa đặc chứa lượng đường hấp thu nhanh rất lớn, dễ gây tăng vọt đường huyết và nạp nhiều năng lượng dư thừa. Người bệnh nên chọn nước lọc, trà không đường hoặc nước khoáng để thay thế.",ada_eating_healthy
diabetes_t2_005,diabetes_type_2,"Thực phẩm giàu chất xơ mang lại lợi ích kép cho người bệnh đái tháo đường type 2. Chất xơ trong rau xanh, các loại đậu, ngũ cốc nguyên hạt và trái cây ít ngọt không chỉ làm chậm quá trình tiêu hóa tinh bột giúp duy trì đường huyết ổn định sau ăn, mà còn tăng cảm giác no lâu, hỗ trợ quá trình giảm cân và cải thiện sức khỏe tim mạch.",cdc_diabetes_meal_planning
diabetes_t2_006,diabetes_type_2,"Hoạt động thể lực là một trụ cột quan trọng trong quản lý đái tháo đường type 2. Luyện tập thể dục thường xuyên giúp tế bào cơ sử dụng glucose hiệu quả hơn, trực tiếp cải thiện tình trạng kháng insulin. Người bệnh được khuyến khích đạt mục tiêu tập luyện tối thiểu 150 phút mỗi tuần với cường độ trung bình (như đi bộ nhanh, đạp xe) theo thể trạng.",niddk_diabetes_diet
diabetes_t2_007,diabetes_type_2,"Quản lý cân nặng thông qua giảm cân bền vững mang lại hiệu quả cao trong việc cải thiện kiểm soát đái tháo đường type 2. Giảm từ 5% đến 10% trọng lượng cơ thể ban đầu ở những người thừa cân hoặc béo phì có thể cải thiện đáng kể chỉ số HbA1c, giảm liều lượng thuốc hạ đường huyết cần dùng và giảm thiểu các nguy cơ biến chứng tim mạch.",cdc_diabetes_meal_planning
diabetes_t2_008,diabetes_type_2,"Tự theo dõi đường huyết là công cụ phản hồi quan trọng cho người bệnh đái tháo đường type 2. Bằng cách tự đo đường huyết lúc đói và sau ăn, người bệnh có thể nhận thấy tác động thực tế của từng loại thực phẩm và thói quen vận động lên cơ thể mình. Kết quả tự theo dõi này giúp người bệnh chủ động điều chỉnh lối sống và hỗ trợ bác sĩ khi tái khám.",cdc_diabetes_meal_planning
diabetes_t2_009,diabetes_type_2,"Người bệnh đái tháo đường type 2 đang sử dụng một số loại thuốc nhất định (như sulfonylurea hoặc insulin) cần lưu ý đến rủi ro hạ đường huyết. Mặc dù hạ đường huyết ít gặp hơn ở người chỉ điều trị bằng metformin hoặc thay đổi lối sống đơn thuần, việc nhận biết các dấu hiệu sớm (run tay, chóng mặt, vã mồ hôi) và mang theo đường nhanh vẫn là cần thiết.",niddk_diabetes_diet
diabetes_t2_010,diabetes_type_2,"Người bệnh đái tháo đường type 2 nên tìm kiếm sự tư vấn chuyên môn từ bác sĩ hoặc chuyên gia dinh dưỡng được chứng nhận khi muốn thiết kế thực đơn chi tiết. Sự hỗ trợ từ chuyên gia giúp cá nhân hóa lượng carbohydrate dựa trên thuốc điều trị, mức độ hoạt động và sự hiện diện của các bệnh đi kèm như tăng huyết áp hay suy thận.",cdc_diabetes_meal_planning
diabetes_unknown_001,diabetes_type_unknown,"Đối với người mắc bệnh đái tháo đường chưa rõ phân loại (chưa xác định type 1 hay type 2), các thông tin giáo dục sức khỏe chung nhấn mạnh việc duy trì thói quen ăn uống cân bằng và lành mạnh. Hướng đi an toàn ban đầu là chọn các loại thực phẩm ít chế biến, nhiều rau xanh và hạn chế đồ ngọt để tránh làm dao động đường huyết đột ngột.",cdc_diabetes_meal_planning
diabetes_unknown_002,diabetes_type_unknown,"Người dùng đái tháo đường chưa rõ phân loại cần lưu ý rằng các khuyến nghị cụ thể về y khoa, đặc biệt là liều lượng insulin và tần suất theo dõi đường huyết, có thể khác biệt lớn giữa đái tháo đường type 1 và type 2. Type 1 đòi hỏi tiêm insulin bắt buộc phối hợp chặt chẽ với bữa ăn, trong khi type 2 có thể quản lý bằng lối sống hoặc thuốc viên.",niddk_type1_diabetes
diabetes_unknown_003,diabetes_type_unknown,Hệ thống khuyến khích người dùng có chẩn đoán đái tháo đường nhưng chưa rõ phân loại cần liên hệ với bác sĩ điều trị để xác nhận chính xác type bệnh của mình. Việc cung cấp chính xác type bệnh (type 1 hay type 2) giúp hệ thống RAG đưa ra các thông tin hỗ trợ kiểm soát carbohydrate và an toàn vận động chuẩn xác và an toàn nhất.,niddk_type1_diabetes
diabetes_unknown_004,diabetes_type_unknown,"Trong bối cảnh người dùng chưa cung cấp rõ phân loại đái tháo đường, các thông tin tư vấn tự động sẽ tránh đưa ra các giả định về việc sử dụng insulin hay lịch tiêm cụ thể. Các gợi ý chỉ tập trung vào việc giảm muối, giảm đường ngọt và tăng cường chất xơ, vốn là những lối sống có lợi chung và có độ an toàn cao cho cả hai nhóm bệnh.",ada_eating_healthy
prediabetes_001,prediabetes,"Đối với người dùng có tình trạng tiền đái tháo đường, điều quan trọng là hiểu rõ sự khác biệt giữa tiền đái tháo đường và đái tháo đường thực sự. Tiền đái tháo đường là giai đoạn cảnh báo khi mức đường huyết đã cao hơn bình thường nhưng chưa chạm ngưỡng chẩn đoán đái tháo đường type 2, đây là cơ hội vàng để đảo ngược tình thế bằng cách thay đổi lối sống.",cdc_prediabetes_lifestyle_change
prediabetes_002,prediabetes,"Trong chế độ ăn của người tiền đái tháo đường, kiểm soát khẩu phần carbohydrate như cơm, bún, phở là rất cần thiết nhưng không được khuyến khích cắt bỏ hoàn toàn. Người dùng nên điều chỉnh giảm bớt lượng tinh bột tinh chế trong bữa ăn chính, kết hợp tăng lượng rau xanh để làm chậm tốc độ tăng đường huyết sau ăn, thay vì nhịn ăn tinh bột cực đoan.",cdc_prevent_type2_guide
prediabetes_003,prediabetes,"Người tiền đái tháo đường cần hạn chế tối đa các loại đồ uống có đường ngọt như trà sữa, nước ngọt đóng chai, nước ép trái cây thêm đường. Năng lượng hấp thu nhanh từ nhóm đồ uống này có liên quan trực tiếp đến việc tăng tích tụ mỡ và suy giảm độ nhạy insulin. Thay thế bằng nước lọc là bước khởi đầu dễ thực hiện và hiệu quả cao.",cdc_prevent_type2_guide
prediabetes_004,prediabetes,Quản lý cân nặng là mục tiêu then chốt trong phòng ngừa tiến triển từ tiền đái tháo đường thành đái tháo đường type 2. Các nghiên cứu lâm sàng chỉ ra rằng việc giảm từ 5% đến 7% trọng lượng cơ thể (ví dụ giảm khoảng 3.5 đến 5kg đối với người nặng 70kg) ở người thừa cân có thể giúp giảm hơn một nửa nguy cơ tiến triển thành bệnh thực sự.,cdc_prevent_type2_guide
prediabetes_005,prediabetes,"Vận động thể chất thường xuyên giúp bảo vệ người tiền đái tháo đường khỏi nguy cơ mắc bệnh đái tháo đường type 2. Người dùng nên đặt mục tiêu thực hiện ít nhất 150 phút hoạt động thể thao cường độ trung bình mỗi tuần (như đi bộ nhanh, bơi lội, đạp xe), chia đều thành 5 ngày trong tuần, khoảng 30 phút mỗi ngày theo thể trạng.",cdc_prevent_type2_guide
prediabetes_006,prediabetes,"Tham gia vào các chương trình thay đổi lối sống có cấu trúc (như Chương trình Phòng ngừa Đái tháo đường Quốc gia - DPP) được chứng minh mang lại lợi ích lâu dài cho người tiền đái tháo đường. Các chương trình này cung cấp người hướng dẫn giúp người dùng duy trì thói quen ăn uống lành mạnh, tăng hoạt động thể lực và kiểm soát stress hiệu quả.",cdc_prediabetes_lifestyle_change
prediabetes_008,prediabetes,Người tiền đái tháo đường cần hiểu rằng việc sử dụng thuốc (như metformin) không phải là bắt buộc đối với tất cả mọi người và quyết định này phụ thuộc vào đánh giá chuyên môn của bác sĩ dựa trên các yếu tố nguy cơ cá nhân. Thay đổi lối sống thông qua ăn uống và vận động vẫn là can thiệp đầu tay nhằm quản lý và phòng ngừa tiểu đường.,cdc_prevent_type2_guide
hypertension_001,hypertension,Kiểm soát lượng natri nạp vào cơ thể là nguyên tắc cốt lõi trong chế độ ăn uống của người bệnh tăng huyết áp. Hiệp hội Tim mạch Hoa Kỳ (AHA) khuyến nghị người trưởng thành bị tăng huyết áp nên hướng tới giới hạn natri dưới 1500 mg mỗi ngày để hỗ trợ hạ huyết áp hiệu quả và giảm thiểu nguy cơ tai biến mạch máu não.,aha_sodium_per_day
hypertension_002,hypertension,"Đối với người tăng huyết áp, việc sử dụng các gia vị truyền thống như nước mắm, nước tương cần đặc biệt thận trọng. Một muỗng canh nước mắm có thể chứa tới 1000 mg natri (tương đương khoảng 66% giới hạn khuyên dùng hàng ngày của AHA). Người bệnh nên ưu tiên sử dụng nước mắm giảm natri, pha loãng hoặc dùng gia vị thảo mộc thay thế muối.",aha_shaking_salt_habit
hypertension_003,hypertension,"Các loại thực phẩm chế biến sẵn là nguồn natri ẩn giấu nguy hiểm cho người bệnh tăng huyết áp. Mì ăn liền, thịt nguội, đồ hộp, dưa muối và các gói gia vị đi kèm thường chứa lượng muối cực kỳ lớn để bảo quản. Người bệnh cần học cách đọc nhãn dinh dưỡng và ưu tiên lựa chọn thực phẩm tươi sống tự chế biến tại nhà.",cdc_sodium_health
hypertension_004,hypertension,"Tăng cường rau xanh và trái cây là phần quan trọng trong chế độ ăn Dash dành cho người bệnh tăng huyết áp. Rau quả tươi cung cấp lượng kali dồi dào, hỗ trợ cơ thể đào thải bớt natri qua đường tiểu và làm giãn thành mạch, giúp hạ áp tự nhiên. Tuy nhiên, nếu người bệnh tăng huyết áp có kèm suy thận, lượng kali nạp vào phải được kiểm soát theo xét nghiệm máu.",aha_shaking_salt_habit
hypertension_007,hypertension,"Tự đo huyết áp tại nhà bằng máy đo bắp tay tiêu chuẩn giúp người bệnh tăng huyết áp theo dõi sát sao tình trạng sức khỏe của mình. Nên đo huyết áp vào các thời điểm cố định (như buổi sáng sau khi ngủ dậy và buổi tối trước khi đi ngủ), ghi chép lại kết quả để cung cấp cho bác sĩ, giúp đánh giá hiệu quả của phác đồ điều trị lối sống và thuốc.",cdc_sodium_health
hypertension_008,hypertension,"Mọi quyết định bắt đầu, điều chỉnh liều lượng hoặc dừng sử dụng các loại thuốc hạ huyết áp (như thuốc chẹn kênh calci, ức chế men chuyển) phải được chỉ định trực tiếp bởi bác sĩ. Người bệnh tuyệt đối không được tự ý ngưng thuốc khi thấy huyết áp trở về bình thường, vì tăng huyết áp là bệnh mạn tính cần điều trị duy trì để ngừa đột quỵ.",cdc_sodium_health
ckd_g1_001,ckd_g1,"Đối với người dùng thuộc nhóm bệnh thận mạn giai đoạn G1 (CKD G1), chức năng lọc của cầu thận vẫn ở mức bình thường hoặc cao (eGFR từ 90 mL/phút/1.73m2 trở lên). Mục tiêu chính ở giai đoạn này là làm chậm tốc độ tổn thương thận và bảo vệ cầu thận bằng cách kiểm soát tốt huyết áp, đường huyết và duy trì lối sống lành mạnh.",kdigo_2024_ckd_guideline
ckd_g1_002,ckd_g1,"Người dùng cần lưu ý rằng chẩn đoán bệnh thận mạn giai đoạn G1 (CKD G1) không thể chỉ dựa vào chỉ số eGFR trên 90 đơn thuần. Để kết luận mắc bệnh ở giai đoạn này, bắt buộc phải có các bằng chứng khác về tổn thương thận kéo dài trên 3 tháng, ví dụ như có albumin trong nước tiểu (microalbumin niệu), đái máu kéo dài hoặc bất thường cấu trúc thận trên siêu âm.",kdigo_2024_ckd_guideline
ckd_g1_003,ckd_g1,Theo dõi định kỳ là yêu cầu thiết yếu đối với người bệnh thận mạn giai đoạn G1 (CKD G1). Người bệnh nên thực hiện các xét nghiệm máu đo creatinine (để tính eGFR) và xét nghiệm nước tiểu đo tỷ lệ albumin/creatinine (UACR) ít nhất một lần mỗi năm để theo dõi sự tiến triển của bệnh và hiệu quả của các biện pháp bảo vệ thận.,kdigo_2024_ckd_guideline
ckd_g1_004,ckd_g1,"Đối với người bệnh thận mạn giai đoạn G1 (CKD G1), chức năng lọc của thận vẫn hoàn toàn đảm bảo. Do đó, người bệnh cần tránh áp dụng các chế độ kiêng khem khắt khe không cần thiết như hạn chế đạm (protein) quá mức, kiêng kali (trái cây, rau quả) hay kiêng phốt pho, ngoại trừ trường hợp có các chỉ định y khoa đặc biệt từ bác sĩ điều trị.",nkf_nutrition_ckd_stages_1_5
ckd_g1_005,ckd_g1,"Đánh giá chuyên khoa ban đầu là rất quan trọng đối với người nghi ngờ hoặc mới chẩn đoán bệnh thận mạn giai đoạn G1 (CKD G1). Người bệnh nên tham khảo ý kiến bác sĩ thận học để xác định nguyên nhân gây tổn thương thận (như đái tháo đường, tăng huyết áp hay viêm cầu thận) nhằm thiết lập phác đồ điều trị nguyên nhân sớm nhất.",kdigo_2024_ckd_guideline
ckd_g2_001,ckd_g2,"Đối với người dùng thuộc nhóm bệnh thận mạn giai đoạn G2 (CKD G2), chức năng lọc của cầu thận bị giảm nhẹ (chỉ số eGFR nằm trong khoảng từ 60 đến 89 mL/phút/1.73m2). Ở giai đoạn này, thận vẫn hoạt động tương đối tốt; trọng tâm điều trị là kiểm soát các yếu tố đẩy nhanh suy giảm chức năng thận như tăng huyết áp và đái tháo đường.",kdigo_2024_ckd_guideline
ckd_g2_002,ckd_g2,"Cần lưu ý rằng chỉ số eGFR nằm trong khoảng 60-89 mL/phút/1.73m2 đơn thuần ở người lớn tuổi không đủ để chẩn đoán bệnh thận mạn giai đoạn G2 (CKD G2). Tương tự như giai đoạn G1, chẩn đoán CKD G2 đòi hỏi phải có sự hiện diện của các dấu hiệu tổn thương thận đi kèm như protein niệu, đái máu hoặc bất thường cấu trúc thận kéo dài trên 3 tháng.",kdigo_2024_ckd_guideline
ckd_g2_003,ckd_g2,"Theo dõi tiến triển bệnh thận mạn giai đoạn G2 (CKD G2) cần được thực hiện thông qua xét nghiệm máu và nước tiểu định kỳ hàng năm. Việc này giúp theo dõi xem tốc độ giảm eGFR có bình thường theo tuổi hay đang suy giảm nhanh hơn (giảm trên 5 mL/phút/1.73m2 trong một năm), từ đó điều chỉnh can thiệp kịp thời.",kdigo_2024_ckd_guideline
ckd_g2_004,ckd_g2,Bệnh đái tháo đường và tăng huyết áp là hai nguyên nhân hàng đầu gây tổn thương thận tiến triển ở giai đoạn G2 (CKD G2). Người bệnh ở giai đoạn này cần duy trì huyết áp tâm thu dưới 120 mmHg (nếu dung nạp tốt) theo khuyến nghị KDIGO và kiểm soát chỉ số đường huyết chặt chẽ để giảm áp lực lọc lên các nephron thận còn lại.,kdigo_2024_ckd_guideline
ckd_g2_005,ckd_g2,"Người bệnh thận mạn giai đoạn G2 (CKD G2) nên được đánh giá bởi bác sĩ điều trị để đảm bảo tránh xa các loại thuốc hoặc chất có hại cho thận (như thuốc giảm đau kháng viêm NSAID bao gồm ibuprofen, naproxen) vốn có thể làm suy giảm nhanh chóng chức năng thận đang bị tổn thương nhẹ.",medlineplus_ckd_diet
ckd_g3a_001,ckd_g3a,"Đối với người dùng thuộc nhóm bệnh thận mạn giai đoạn G3a (CKD G3a), chức năng lọc của thận đã bị suy giảm ở mức độ nhẹ đến trung bình (chỉ số eGFR nằm trong khoảng từ 45 đến 59 mL/phút/1.73m2). Ở giai đoạn này, các khuyến nghị dinh dưỡng bắt đầu có sự điều chỉnh nhẹ để giảm tải công việc lọc chất thải cho thận.",kdigo_2024_ckd_guideline
ckd_g3a_003,ckd_g3a,"Hạn chế muối natri là khuyến nghị bắt buộc đối với tất cả người bệnh thận mạn giai đoạn G3a (CKD G3a). Giảm lượng natri dưới 2000 mg mỗi ngày (tương đương dưới 5g muối ăn hoặc khoảng 1 muỗng cà phê muối) giúp kiểm soát tình trạng giữ nước, giảm huyết áp và bảo vệ các mạch máu nhỏ ở thận khỏi bị quá tải.",kdigo_2024_ckd_guideline
ckd_g3a_004,ckd_g3a,"Khuyến nghị về lượng kali đối với người bệnh thận mạn giai đoạn G3a (CKD G3a) không được áp dụng một cách rập khuôn. Người bệnh chỉ cần hạn chế các loại quả, rau nhiều kali (như chuối, khoai tây) khi có kết quả xét nghiệm máu cho thấy mức kali máu cao (hyperkalemia) hoặc khi có chỉ định cụ thể của bác sĩ.",nkf_potassium_ckd_diet
ckd_g3a_005,ckd_g3a,"Hạn chế lượng phốt pho đối với người bệnh thận mạn giai đoạn G3a (CKD G3a) tập trung chủ yếu vào việc tránh các loại phốt pho vô cơ (chất phụ gia thực phẩm) có trong đồ uống đóng chai, thực phẩm chế biến sẵn và thức ăn nhanh, vì phốt pho vô cơ được hấp thu gần như hoàn toàn vào máu và làm tăng gánh nặng đào thải cho thận.",medlineplus_ckd_diet
ckd_g3a_006,ckd_g3a,Người bệnh thận mạn giai đoạn G3a (CKD G3a) có kèm đái tháo đường hoặc tăng huyết áp cần được quản lý phối hợp chặt chẽ. Việc duy trì chỉ số đường huyết ổn định và huyết áp tối ưu dưới 120/80 mmHg ở giai đoạn G3a giúp bảo tồn tối đa các nephron còn lại và hạn chế tốc độ sụt giảm chức năng lọc của cầu thận.,kdigo_2024_ckd_guideline
ckd_g3a_007,ckd_g3a,Người bệnh thận mạn giai đoạn G3a (CKD G3a) cần theo dõi định kỳ chức năng lọc của thận tối thiểu 2 lần mỗi năm. Các xét nghiệm creatinine máu để tính eGFR và định lượng albumin niệu giúp bác sĩ đánh giá liệu bệnh đang ổn định hay có sự suy sụp chức năng lọc đột ngột để đổi phác đồ bảo vệ thận.,kdigo_2024_ckd_guideline
ckd_g3b_001,ckd_g3b,"Đối với người dùng thuộc nhóm bệnh thận mạn giai đoạn G3b (CKD G3b), chức năng lọc của thận đã bị suy giảm ở mức độ trung bình đến nặng (chỉ số eGFR nằm trong khoảng từ 30 đến 44 mL/phút/1.73m2). Ở giai đoạn này, các hướng dẫn về chế độ ăn uống cần được kiểm soát chặt chẽ hơn để tránh tích tụ chất độc.",kdigo_2024_ckd_guideline
ckd_g3b_003,ckd_g3b,"Hạn chế muối natri nghiêm ngặt dưới 2000 mg mỗi ngày (khoảng 5g muối ăn) là cần thiết cho người bệnh thận mạn giai đoạn G3b (CKD G3b). Natri dư thừa ở giai đoạn này dễ gây giữ nước, phù chân, tăng huyết áp và tăng nguy cơ suy tim do thận giảm khả năng đào thải muối.",kdigo_2024_ckd_guideline
ckd_g3b_004,ckd_g3b,"Người bệnh thận mạn giai đoạn G3b (CKD G3b) cần theo dõi sát sao nồng độ kali trong máu. Việc hạn chế các thực phẩm giàu kali (như chuối, bơ, cam, khoai tây) chỉ nên thực hiện khi có tình trạng kali máu tăng trên mức bình thường (thường là trên 5.0 mEq/L) hoặc theo chỉ dẫn dinh dưỡng từ chuyên gia y tế.",nkf_potassium_ckd_diet
ckd_g3b_005,ckd_g3b,"Người bệnh thận mạn giai đoạn G3b (CKD G3b) cần bắt đầu hạn chế phốt pho từ thực phẩm tự nhiên bên cạnh việc tránh các chất phụ gia phốt pho. Giảm tiêu thụ sữa, phô mai, các loại hạt và lòng đỏ trứng giúp giữ mức phốt pho trong máu ổn định, ngăn ngừa các biến chứng xơ vữa mạch máu và bệnh xương do thận.",medlineplus_ckd_diet
ckd_g3b_006,ckd_g3b,"Người bệnh thận mạn giai đoạn G3b (CKD G3b) cần được bác sĩ theo dõi định kỳ tối thiểu 3 lần mỗi năm. Tần suất theo dõi cao hơn giúp kiểm soát chặt chẽ tốc độ suy giảm chức năng thận, phát hiện sớm các biến chứng như thiếu máu do thận thiếu erythropoietin hoặc rối loạn thăng bằng kiềm toan.",kdigo_2024_ckd_guideline
ckd_g3b_007,ckd_g3b,"Khuyến khích người bệnh thận mạn giai đoạn G3b (CKD G3b) làm việc cùng một chuyên gia dinh dưỡng tiết chế chuyên khoa thận (renal dietitian). Chuyên gia sẽ giúp thiết kế thực đơn cá nhân hóa, giúp người bệnh giảm đạm, natri mà vẫn đảm bảo cung cấp đủ calo để tránh suy mòn cơ bắp (protein-energy wasting).",nkf_nutrition_ckd_stages_1_5
ckd_g4_001,ckd_g4,"Đối với người dùng thuộc nhóm bệnh thận mạn giai đoạn G4 (CKD G4), chức năng lọc của thận bị suy giảm nghiêm trọng (chỉ số eGFR nằm trong khoảng từ 15 đến 29 mL/phút/1.73m2). Ở giai đoạn suy thận tiến triển này, chế độ ăn uống đòi hỏi kiểm soát cực kỳ nghiêm ngặt và chuẩn bị tâm lý cho giai đoạn điều trị thay thế thận.",kdigo_2024_ckd_guideline
ckd_g4_003,ckd_g4,"Hạn chế natri dưới 2000 mg mỗi ngày (khoảng 5g muối ăn) là nguyên tắc bắt buộc ở giai đoạn G4 (CKD G4) để ngăn ngừa tình trạng quá tải thể tích tuần hoàn, phù phổi cấp và tăng huyết áp kháng trị, do thận lúc này đã mất phần lớn khả năng bài tiết muối dư thừa.",kdigo_2024_ckd_guideline
ckd_g4_004,ckd_g4,"Người bệnh thận mạn giai đoạn G4 (CKD G4) có nguy cơ cao bị tăng kali máu đe dọa tính mạng (gây loạn nhịp tim). Hạn chế kali từ chế độ ăn uống (tránh chuối, nước dừa, khoai tây, rau muống và thực phẩm chế biến) là cần thiết khi kali máu bắt đầu tăng cao, và phải được hướng dẫn cụ thể dựa trên xét nghiệm kali máu định kỳ.",nkf_potassium_ckd_diet
ckd_g4_005,ckd_g4,"Kiểm soát lượng phốt pho là vô cùng quan trọng đối với người bệnh thận mạn giai đoạn G4 (CKD G4). Do thận giảm bài tiết phốt pho, người bệnh cần hạn chế phốt pho ở mức 800-1000 mg mỗi ngày bằng cách giảm sữa, lòng đỏ trứng, các loại hạt và tuyệt đối tránh các thực phẩm chứa chất bảo quản phốt pho vô cơ để bảo vệ mạch máu.",medlineplus_ckd_diet
ckd_g4_006,ckd_g4,"Khuyến nghị về lượng nước uống đối với người bệnh thận mạn giai đoạn G4 (CKD G4) phải được cá nhân hóa theo tình trạng lâm sàng. Người bệnh chỉ cần hạn chế lượng nước uống vào khi cơ thể bắt đầu có dấu hiệu giữ nước (phù chân, phù mặt, khó thở) hoặc khi lượng nước tiểu giảm đi rõ rệt, dưới sự hướng dẫn trực tiếp của bác sĩ.",medlineplus_ckd_diet
ckd_g4_007,ckd_g4,"Người bệnh thận mạn giai đoạn G4 (CKD G4) cần chuẩn bị trước thông tin và kế hoạch cho việc điều trị thay thế thận trong tương lai. Kế hoạch này bao gồm thảo luận về các phương pháp lọc máu chu kỳ, lọc màng bụng (thẩm phân phúc mạc) hoặc đăng ký ghép thận, giúp người bệnh chủ động lựa chọn phương pháp phù hợp với cuộc sống.",kdigo_2024_ckd_guideline
ckd_g4_008,ckd_g4,"Người bệnh thận mạn giai đoạn G4 (CKD G4) cần được chuyển gửi đến chuyên gia thận học (nephrologist) và chuyên gia dinh dưỡng để kiểm soát các biến chứng nặng như thiếu máu, tăng huyết áp kháng trị, tăng kali máu, toan chuyển hóa và ngăn ngừa suy mòn cơ thể trước khi bước vào giai đoạn cuối.",kdigo_2024_ckd_guideline
ckd_g5_nondialysis_001,ckd_g5_non_dialysis,"Đối với người dùng thuộc nhóm bệnh thận mạn giai đoạn G5 chưa chạy thận (CKD G5 non-dialysis), đây là giai đoạn suy thận cuối cùng nhưng chưa bắt đầu lọc máu (chỉ số eGFR dưới 15 mL/phút/1.73m2). Trọng tâm điều trị ở giai đoạn này là kiểm soát triệu chứng urê huyết cao và trì hoãn thời điểm lọc máu bằng chế độ ăn bảo tồn.",kdigo_2024_ckd_guideline
ckd_g5_nondialysis_003,ckd_g5_non_dialysis,"Hạn chế natri nghiêm ngặt dưới 2000 mg mỗi ngày (khoảng 5g muối ăn) là bắt buộc cho người bệnh thận mạn giai đoạn G5 chưa chạy thận để kiểm soát tình trạng ứ nước, khó thở khi nằm, suy tim và tăng huyết áp, do thận đã gần như mất hoàn toàn khả năng bài tiết natri.",kdigo_2024_ckd_guideline
ckd_g5_nondialysis_004,ckd_g5_non_dialysis,"Tình trạng tăng kali máu là biến chứng cực kỳ nguy hiểm ở người bệnh thận mạn giai đoạn G5 chưa chạy thận. Người bệnh cần tuân thủ nghiêm ngặt chế độ ăn ít kali (hạn chế tối đa chuối, bơ, nước dừa, rau màu xanh đậm) và theo dõi sát sao chỉ số kali máu để tránh nguy cơ ngừng tim đột ngột.",nkf_potassium_ckd_diet
ckd_g5_nondialysis_005,ckd_g5_non_dialysis,"Hạn chế phốt pho trong chế độ ăn của người bệnh thận mạn giai đoạn G5 chưa chạy thận giúp kiểm soát biến chứng cường tuyến cận giáp thứ phát. Người bệnh cần hạn chế phốt pho ở mức 800 mg mỗi ngày, tránh các thực phẩm chứa phụ gia phốt pho và sử dụng thuốc gắn phốt pho (phosphate binders) trong bữa ăn theo đơn của bác sĩ.",medlineplus_ckd_diet
ckd_g5_nondialysis_006,ckd_g5_non_dialysis,Kiểm soát lượng nước uống vào ở người bệnh thận mạn giai đoạn G5 chưa chạy thận đòi hỏi phải đo lường lượng nước tiểu hàng ngày. Quy tắc thông thường là lượng nước uống vào mỗi ngày nên bằng lượng nước tiểu đo được của ngày hôm trước cộng thêm khoảng 500 mL (lượng mất qua mồ hôi và hơi thở) để tránh quá tải nước.,medlineplus_ckd_diet
ckd_g5_nondialysis_007,ckd_g5_non_dialysis,"Người bệnh thận mạn giai đoạn G5 chưa chạy thận cần được giám sát y khoa chặt chẽ bởi bác sĩ thận học. Do chức năng thận đã suy kiệt, người bệnh có thể xuất hiện các triệu chứng u máu cao (uremia) như chán ăn, sụt cân, buồn nôn, ngứa, chuột rút, đòi hỏi can thiệp lọc máu cấp cứu kịp thời.",kdigo_2024_ckd_guideline
ckd_g5_nondialysis_008,ckd_g5_non_dialysis,"Người bệnh thận mạn giai đoạn G5 chưa chạy thận cần đến ngay bệnh viện nếu xuất hiện các dấu hiệu quá tải nước nặng (khó thở dữ dội, không thể nằm đầu thấp, ho ra bọt hồng) hoặc các triệu chứng của tăng kali máu nặng (yếu cơ lực toàn thân, tê bì, rối loạn nhịp tim).",medlineplus_ckd_diet
ckd_dialysis_004,ckd_dialysis,Khuyến nghị về lượng kali đối với người bệnh chạy thận (CKD dialysis) không có một giới hạn chung duy nhất. Nhu cầu kali phụ thuộc vào phương pháp lọc máu (chạy thận nhân tạo thường cần hạn chế kali nghiêm ngặt hơn so với lọc màng bụng vốn dễ làm mất kali) và phải được hướng dẫn cụ thể dựa trên xét nghiệm kali máu định kỳ.,nkf_potassium_ckd_diet
ckd_unknown_001,ckd_stage_unknown,"Đối với người dùng có bệnh thận mạn nhưng chưa rõ giai đoạn (chưa xác định Stage G1-G5 hay chạy thận), chế độ ăn uống ban đầu cần hướng tới các nguyên tắc bảo vệ thận an toàn tổng quát. Hướng đi thích hợp là giảm bớt lượng muối ăn hàng ngày, hạn chế các thực phẩm chế biến sẵn nhiều natri và uống đủ nước theo nhu cầu cơ thể.",medlineplus_ckd_diet
ckd_unknown_002,ckd_stage_unknown,"Người bệnh thận mạn chưa rõ giai đoạn cần lưu ý rằng các khuyến nghị dinh dưỡng y khoa cụ thể, đặc biệt là lượng chất đạm (protein), kali, phốt pho và nước uống có sự khác biệt rất lớn, thậm chí trái ngược nhau giữa các giai đoạn suy thận nhẹ (G1-G2), suy thận nặng chưa chạy thận (G4-G5) và chạy thận (dialysis).",kdigo_2024_ckd_guideline
ckd_unknown_003,ckd_stage_unknown,"Hệ thống khuyến khích người dùng có bệnh thận mạn nhưng chưa rõ giai đoạn cung cấp thêm kết quả xét nghiệm máu (chỉ số creatinine, mức lọc cầu thận eGFR) hoặc chẩn đoán cụ thể của bác sĩ. Việc xác định rõ giai đoạn bệnh giúp hệ thống RAG cung cấp các thông tin tư vấn dinh dưỡng chuẩn xác và an toàn nhất.",kdigo_2024_ckd_guideline
ckd_unknown_004,ckd_stage_unknown,"Trong bối cảnh người bệnh ở tình trạng bệnh thận mạn chưa rõ giai đoạn, hệ thống sẽ tránh đưa ra các khuyến nghị kiêng khem kali, phốt pho hay hạn chế nước uống cụ thể, vì những hạn chế này có thể gây hại cho người ở giai đoạn sớm hoặc người chạy thận màng bụng. Người dùng nên tham khảo ý kiến bác sĩ thận học hoặc chuyên gia dinh dưỡng.",nkf_nutrition_ckd_stages_1_5
gout_001,gout,"Đối với người mắc bệnh gout, điều quan trọng đầu tiên là phân biệt giữa bệnh gout thực sự và tình trạng tăng acid uric máu không triệu chứng. Tăng acid uric máu (kết quả xét nghiệm acid uric máu cao) là một yếu tố nguy cơ nhưng chưa được coi là bệnh gout nếu người bệnh chưa từng trải qua các cơn viêm khớp cấp tính (sưng, nóng, đỏ, đau dữ dội).",medlineplus_uric_acid_blood
gout_002,gout,"Hạn chế các thực phẩm giàu purine là nguyên tắc dinh dưỡng cơ bản đối với người bệnh gout. Khi cơ thể chuyển hóa purine từ thức ăn, sản phẩm cuối cùng tạo ra là acid uric. Kiểm soát lượng purine nạp vào giúp giảm tích tụ các tinh thể urat tại khớp, từ đó hỗ trợ giảm tần suất xuất hiện các cơn gout cấp tính.",medlineplus_gout_encyclopedia
gout_003,gout,"Nội tạng động vật là nhóm thực phẩm chứa hàm lượng purine cực kỳ cao mà người bệnh gout cần tránh tuyệt đối. Gan, thận (cật), tim, lòng bò, lòng lợn có chứa lượng purine lớn, có thể gây tăng vọt nồng độ acid uric trong máu ngay sau khi ăn và dễ kích ngòi cho một cơn viêm khớp gout cấp tính xuất hiện.",medlineplus_gout_encyclopedia
gout_005,gout,"Một số loại hải sản có hàm lượng purine cao cần được người bệnh gout tiêu thụ hết sức thận trọng. Các loại cá béo (cá thu, cá trích, cá mòi, cá ngừ), tôm, cua, sò điệp, nghêu, hàu có thể làm tăng nhanh nồng độ acid uric. Người bệnh nên hạn chế các loại hải sản này, đặc biệt là trong giai đoạn khớp đang có dấu hiệu đau nhức.",medlineplus_gout
gout_006,gout,"Kiêng tuyệt đối rượu, bia và các thức uống chứa cồn là khuyến nghị quan trọng đối với người bệnh gout. Chất cồn trong bia không chỉ chứa hàm lượng purine cao mà rượu bia còn làm giảm khả năng đào thải acid uric qua đường thận của cơ thể, gây tích tụ acid uric trong máu và dễ khởi phát cơn gout cấp dữ dội.",medlineplus_gout_encyclopedia
gout_007,gout,"Hạn chế các loại nước ngọt, trà sữa và thực phẩm chứa hàm lượng đường fructose cao (high-fructose corn syrup) là cần thiết cho người bệnh gout. Đường fructose khi được gan chuyển hóa sẽ kích thích cơ thể sản sinh thêm purine nội sinh, gián tiếp làm tăng nồng độ acid uric trong máu và làm trầm trọng thêm tình trạng viêm khớp.",medlineplus_gout_encyclopedia
gout_009,gout,"Người bệnh gout cần phân biệt rõ chế độ ăn trong cơn gout cấp (gout flare) và giai đoạn quản lý gout lâu dài. Khi khớp đang sưng đau cấp tính, người bệnh cần tuân thủ chế độ ăn cực kỳ nghiêm ngặt (tránh hoàn toàn thịt đỏ, hải sản, rượu bia), kết hợp nghỉ ngơi nâng cao chi khớp bị đau và dùng thuốc giảm đau theo đơn bác sĩ.",medlineplus_gout
gout_010,gout,"Người bệnh gout cần hiểu rằng chế độ ăn uống lành mạnh chỉ đóng vai trò hỗ trợ và không thể thay thế cho các loại thuốc giảm acid uric (như allopurinol) do bác sĩ kê đơn. Đối với những trường hợp bệnh gout mạn tính hoặc có hạt tophi, việc tuân thủ dùng thuốc đều đặn theo chỉ định lâm sàng là yếu tố tiên quyết để bảo vệ khớp.",medlineplus_gout
obesity_001,obesity,"Đối với người dùng đang có tình trạng thừa cân hoặc béo phì, nguyên tắc cốt lõi của quản lý cân nặng là đạt được sự thâm hụt năng lượng lành mạnh và bền vững. Chế độ ăn giảm cân nên tập trung vào thay đổi thói quen ăn uống lâu dài hơn là áp dụng các biện pháp nhịn ăn khắc nghiệt vốn dễ gây tăng cân trở lại.",cdc_steps_losing_weight
obesity_002,obesity,"Kiểm soát khẩu phần ăn là kỹ năng quan trọng giúp giảm cân hiệu quả cho người thừa cân, béo phì. Người dùng có thể sử dụng các đĩa ăn nhỏ hơn, đọc kỹ khẩu phần khuyến nghị trên nhãn thực phẩm và tránh ăn trực tiếp từ túi/hộp đóng gói để kiểm soát trực quan lượng năng lượng nạp vào cơ thể hàng ngày.",cdc_healthy_eating_weight
obesity_003,obesity,"Hiểu về mật độ năng lượng của thực phẩm (energy density) giúp người béo phì giảm cân mà không bị đói. Người dùng nên chọn các loại thực phẩm có mật độ năng lượng thấp (chứa nhiều nước và chất xơ như rau xanh, trái cây tươi, canh trong) để làm đầy dạ dày và tạo cảm giác no, đồng thời hạn chế các thực phẩm giàu năng lượng nhưng ít dinh dưỡng.",cdc_healthy_eating_weight
obesity_004,obesity,"Cắt giảm đồ uống ngọt có gas, nước ép nhiều đường và trà sữa là thay đổi mang lại hiệu quả giảm cân nhanh chóng cho người thừa cân, béo phì. Các loại đồ uống này chứa năng lượng rỗng hấp thu nhanh và không tạo cảm giác no bụng, dễ làm người dùng vượt quá giới hạn năng lượng hàng ngày mà không nhận ra.",cdc_healthy_eating_weight
obesity_005,obesity,"Hoạt động thể lực là thành phần không thể thiếu để duy trì cân nặng sau giảm cân ở người béo phì. Cùng với điều chỉnh ăn uống để giảm cân ban đầu, việc duy trì tối thiểu 150 phút vận động mỗi tuần (ví dụ đi bộ nhanh 30 phút mỗi ngày, 5 ngày mỗi tuần) giúp bảo tồn khối cơ và ngăn ngừa tích tụ mỡ trở lại.",cdc_steps_losing_weight
obesity_006,obesity,"Người béo phì cần cảnh giác với các chế độ ăn kiêng cực đoan hoặc nhịn ăn thanh lọc cơ thể (detox) thiếu cơ sở khoa học. Những chế độ ăn này thường làm cơ thể mất nước và mất cơ bắp thay vì giảm mỡ, đồng thời có thể gây thiếu hụt vi chất dinh dưỡng nghiêm trọng và ảnh hưởng xấu đến chức năng tim mạch.",medlineplus_obesity
obesity_007,obesity,"Đối với người cao tuổi bị béo phì, quá trình giảm cân cần được tiếp cận hết sức thận trọng để tránh nguy cơ suy yếu xương và mất khối lượng cơ (sarcopenia). Chế độ ăn giảm cân ở người lớn tuổi bắt buộc phải bổ sung đủ chất đạm chất lượng cao kết hợp tập luyện kháng lực nhẹ dưới sự giám sát của nhân viên y tế.",medlineplus_obesity
obesity_008,obesity,"Hệ thống khuyến khích người dùng có các dấu hiệu của rối loạn ăn uống (như nhịn ăn quá mức, ăn vô độ khi stress rồi cố tình nôn ra) tìm kiếm sự giúp đỡ từ chuyên gia tâm lý hoặc bác sĩ. Quản lý béo phì trong bối cảnh rối loạn ăn uống đòi hỏi liệu pháp phối hợp chuyên sâu chứ không chỉ đơn thuần là cắt giảm calo.",medlineplus_obesity
safety_001,general_safety,"HealthyPlan là một hệ thống hỗ trợ giáo dục sức khỏe và cung cấp thông tin tham khảo tổng quát, hoàn toàn không có chức năng chẩn đoán bệnh, kết luận nguy cơ cá nhân hay thay thế các xét nghiệm y khoa. Người dùng cần liên hệ trực tiếp với bác sĩ để thực hiện các đánh giá lâm sàng và chẩn đoán chính xác.",cdc_prevent_type2_guide
safety_002,general_safety,"HealthyPlan không đưa ra bất kỳ hướng dẫn hay gợi ý nào liên quan đến việc tự ý bắt đầu, thay đổi liều lượng hoặc ngưng sử dụng các loại thuốc điều trị. Mọi quyết định thay đổi phác đồ thuốc phải được thảo luận trực tiếp và có sự đồng ý của bác sĩ điều trị để đảm bảo an toàn tính mạng.",nkf_nutrition_ckd_stages_1_5
safety_003,general_safety,"Hạ đường huyết nghiêm trọng là tình trạng khẩn cấp đe dọa tính mạng. Nếu người bệnh đái tháo đường có biểu hiện lơ mơ, lú lẫn, co giật hoặc bất tỉnh do hạ đường huyết, người nhà tuyệt đối không được đổ nước đường hay đút thức ăn vào miệng để tránh sặc đường thở, và phải gọi xe cấp cứu y tế 115 ngay lập tức.",medlineplus_emergency_hypoglycemia
safety_004,general_safety,"Đau tức ngực dữ dội kèm theo khó thở, thở dốc là dấu hiệu cảnh báo của cơn đau thắt ngực cấp hoặc nhồi máu cơ tim. Người dùng khi xuất hiện các triệu chứng này cần ngừng ngay mọi hoạt động thể chất, ngồi nghỉ ở tư thế thoải mái và gọi cấp cứu y tế 115 hoặc nhờ người đưa đến bệnh viện gần nhất ngay lập tức.",medlineplus_emergency_chest_pain
safety_005,general_safety,"Tình trạng lơ mơ, ngất xỉu hoặc đột ngột mất ý thức (loss of consciousness) là dấu hiệu suy giảm tuần hoàn não nghiêm trọng. Cần đặt người bệnh nằm ngửa, nâng nhẹ hai chân lên cao nếu không có chấn thương, nới lỏng quần áo và gọi ngay cấp cứu y tế 115, không tự ý cho uống nước hay lay gọi thô bạo.",medlineplus_emergency_fainting
safety_006,general_safety,"Các triệu chứng thần kinh khởi phát đột ngột như méo miệng, yếu liệt một bên tay chân, nói ngọng hoặc không diễn đạt được lời nói là dấu hiệu điển hình của đột quỵ não. Cần áp dụng quy tắc FAST (méo mặt, yếu tay, khó nói, gọi cấp cứu ngay) và đưa người bệnh đến bệnh viện có điều trị đột quỵ trong giờ vàng.",medlineplus_emergency_stroke
safety_007,general_safety,"Phụ nữ mang thai, trẻ em dưới 18 tuổi hoặc những người mắc đồng thời nhiều bệnh lý mạn tính phức tạp (ví dụ vừa suy thận giai đoạn G4 vừa suy tim hoặc tiểu đường) có những yêu cầu dinh dưỡng đặc biệt và có thể mâu thuẫn nhau. Các đối tượng này không được áp dụng các khuyến nghị tự động và bắt buộc phải tuân theo hướng dẫn trực tiếp từ bác sĩ chuyên khoa.",medlineplus_obesity
diabetes_t1_010,diabetes_type_1,"Đối với người bệnh đái tháo đường type 1 cần di chuyển qua nhiều múi giờ khác nhau, việc điều chỉnh lịch tiêm insulin và ăn uống là vô cùng quan trọng. Người bệnh cần thảo luận trước với bác sĩ để thiết lập kế hoạch chuyển múi giờ, giữ insulin ở nhiệt độ mát trong túi bảo quản chuyên dụng và không bao giờ ký gửi insulin trong hành lý để tránh đông đá.",niddk_diabetes_diet
diabetes_t1_011,diabetes_type_1,"Nguyên tắc quản lý đái tháo đường type 1 trong những ngày bị bệnh (sick days) đòi hỏi việc theo dõi sát sao hơn. Ngay cả khi người bệnh ăn ít hoặc buồn nôn, tuyệt đối không được tự ý ngừng tiêm insulin vì cơ thể khi ốm sẽ giải phóng hormone stress làm tăng đường huyết. Cần kiểm tra đường huyết và ketone nước tiểu mỗi 4 giờ và bổ sung nhiều nước lọc.",niddk_type1_diabetes
diabetes_t1_012,diabetes_type_1,"Người bệnh đái tháo đường type 1 cần đặc biệt cẩn trọng khi uống rượu. Chất cồn ngăn cản gan giải phóng glucose vào máu, làm tăng mạnh nguy cơ hạ đường huyết kéo dài lên tới 24 giờ sau khi uống. Người dùng chỉ nên uống ở mức vừa phải (không quá 1 đơn vị cồn/ngày với nữ, 2 đơn vị với nam), luôn ăn thức ăn chứa tinh bột khi uống rượu và kiểm tra đường huyết trước khi đi ngủ.",ada_alcohol_safety
diabetes_t1_013,diabetes_type_1,"Khi chuẩn bị bữa ăn và tính toán liều insulin bolus cho người đái tháo đường type 1, việc đếm carbohydrate (carb) chuẩn xác là bắt buộc. Đo lường chính xác lượng tinh bột nạp vào thông qua cân tiểu ly hoặc muỗng đo lường giúp khớp liều insulin với thực phẩm, giảm thiểu biên độ dao động đường huyết sau ăn.",ada_understanding_carbs
diabetes_t1_014,diabetes_type_1,Người bệnh đái tháo đường type 1 tuyệt đối không được tự ý bỏ bữa ăn chính sau khi đã tiêm insulin tác dụng nhanh (insulin bolus). Việc tiêm insulin tiền bữa ăn mà không nạp đủ carbohydrate tương ứng sẽ dẫn đến cơn hạ đường huyết cấp tính nguy hiểm trong vòng 1 đến 2 giờ sau đó.,ada_understanding_carbs
diabetes_t1_016,diabetes_type_1,"Quy tắc 15 là cẩm nang hướng dẫn sơ cứu hạ đường huyết lúc tỉnh cho người đái tháo đường type 1. Khi đường huyết dưới 70 mg/dL, người bệnh cần ăn hoặc uống ngay 15g carbohydrate tác dụng nhanh (như 1/2 cốc nước ép, 3-4 viên kẹo đường), đợi 15 phút rồi kiểm tra lại. Nếu vẫn dưới 70 mg/dL, tiếp tục lặp lại quy tắc này.",ada_understanding_carbs
diabetes_t2_011,diabetes_type_2,"Kết hợp tập kháng lực (resistance training) mang lại lợi ích to lớn cho người bệnh đái tháo đường type 2. Bên cạnh các bài tập aerobic (như đi bộ, đạp xe), việc nâng tạ nhẹ hoặc tập với dây kháng lực 2-3 lần mỗi tuần giúp tăng khối lượng cơ bắp, trực tiếp mở rộng không gian dự trữ glucose và tăng nhạy insulin lâu dài.",niddk_diabetes_diet
diabetes_t2_012,diabetes_type_2,"Người bệnh đái tháo đường type 2 khi đi ăn tại nhà hàng (dining out) cần chủ động kiểm soát carbohydrate. Hãy yêu cầu nhân viên thay cơm trắng hoặc khoai tây chiên bằng các loại rau hấp, salad trộn sốt giấm, chọn các món nướng/hấp thay vì chiên xào nhiều dầu mỡ và tránh các loại nước sốt ngọt chứa nhiều đường.",ada_meal_planning
diabetes_t2_013,diabetes_type_2,"Kỹ năng đọc nhãn dinh dưỡng (nutrition labels) rất quan trọng đối với người bệnh đái tháo đường type 2. Khi mua thực phẩm đóng gói, người dùng nên kiểm tra dòng 'Total Carbohydrate' để biết tổng lượng tinh bột trong một khẩu phần (serving size), đồng thời so sánh lượng chất xơ (fiber) và chọn sản phẩm ít đường bổ sung (added sugars).",ada_understanding_carbs
diabetes_t2_014,diabetes_type_2,"Lựa chọn bữa sáng thông minh giúp người bệnh đái tháo đường type 2 tránh hiện tượng tăng vọt đường huyết đầu ngày. Bữa sáng lý tưởng nên kết hợp protein và chất xơ, hạn chế tinh bột tinh chế; các lựa chọn phù hợp gồm trứng luộc, yến mạch nguyên cám nấu loãng kèm quả hạch, hoặc sữa chua không đường trộn hạt chia.",ada_eating_healthy
diabetes_t2_015,diabetes_type_2,"Bữa phụ (snacks) lành mạnh cho người đái tháo đường type 2 cần được lựa chọn dựa trên chỉ số đường huyết thấp và ít năng lượng. Thay vì ăn bánh ngọt hay hoa quả sấy, người bệnh nên chọn một nắm nhỏ hạt hạnh nhân, hạt óc chó, vài lát dưa leo chấm hummus hoặc một quả táo nhỏ để ăn giữa các bữa chính.",ada_eating_healthy
diabetes_t2_017,diabetes_type_2,"Đái tháo đường type 2 là nguyên nhân hàng đầu dẫn đến bệnh thận mạn (biến chứng thận do tiểu đường). Để phát hiện sớm tổn thương cầu thận, người bệnh đái tháo đường type 2 cần được xét nghiệm albumin niệu và creatinine máu định kỳ ít nhất một lần mỗi năm kể từ thời điểm chẩn đoán bệnh.",kdigo_2024_ckd_guideline
diabetes_t2_018,diabetes_type_2,"Người bệnh đái tháo đường type 2 đang sử dụng các thuốc nhóm sulfonylurea (như gliclazide, glimepiride) có nguy cơ cao bị hạ đường huyết lúc đói hoặc sau tập luyện nặng. Khi gặp các dấu hiệu đói cồn cào, bủn rủn chân tay, người bệnh cần đo đường huyết ngay và áp dụng quy tắc 15 để xử lý kịp thời.",niddk_diabetes_diet
diabetes_t2_019,diabetes_type_2,Khuyến nghị hoạt động thể lực hiếu khí (aerobic exercise) cho người bệnh đái tháo đường type 2 yêu cầu cường độ trung bình tối thiểu 150 phút mỗi tuần. Người bệnh nên chia đều tập luyện thành ít nhất 3 ngày trong tuần và không nên nghỉ tập quá 2 ngày liên tiếp để duy trì sự nhạy bén insulin của tế bào.,niddk_diabetes_diet
diabetes_unknown_005,diabetes_type_unknown,"Khi chưa làm rõ phân loại đái tháo đường, người bệnh chỉ nên tham khảo các thông tin hướng dẫn ăn uống có tính an toàn chung cao. Khuyến nghị chung là tăng lượng rau xanh không tinh bột, ưu tiên chất béo thực vật lành mạnh và hạn chế tối đa đường tự do; các hướng dẫn đặc thù như đếm carb hay tiêm insulin bolus cần được tạm hoãn cho đến khi có chẩn đoán xác định.",ada_eating_healthy
diabetes_unknown_006,diabetes_type_unknown,"Sự phân biệt rõ ràng giữa đái tháo đường type 1 và type 2 là nền tảng của an toàn y khoa. Người bệnh type 1 có sự phá hủy tự miễn tế bào beta tụy dẫn đến thiếu hụt insulin tuyệt đối và bắt buộc phải tiêm insulin ngoại sinh; trong khi người bệnh type 2 có cơ chế kháng insulin và có thể kiểm soát bằng lối sống và thuốc uống. Do đó, người dùng cần xác nhận thông tin này với bác sĩ điều trị.",niddk_type1_diabetes
diabetes_unknown_007,diabetes_type_unknown,"Trong mọi trường hợp đái tháo đường chưa rõ phân loại, việc tự ý điều chỉnh liều lượng hoặc bắt đầu sử dụng các loại thuốc hạ đường huyết là chống chỉ định. Người dùng cần cung cấp đầy đủ hồ sơ bệnh án hoặc liên hệ với cơ sở y tế để được thăm khám lâm sàng trước khi thực hiện bất kỳ thay đổi nào liên quan đến thuốc.",niddk_type1_diabetes
prediabetes_009,prediabetes,"Các loại đồ uống chứa lượng đường lỏng hấp thu nhanh như trà sữa, nước ngọt, soda là mối đe dọa lớn đối với người tiền đái tháo đường. Đường lỏng gây quá tải tức thì cho tuyến tụy và đẩy nhanh quá trình kháng insulin. Thay thế các đồ uống này bằng nước lọc hoặc trà xanh không đường giúp giảm tải đáng kể calo rỗng nạp vào.",cdc_prevent_type2_guide
prediabetes_010,prediabetes,"Một thói quen vận động nhỏ nhưng hiệu quả cho người tiền đái tháo đường là đi bộ nhẹ nhàng trong 10 đến 15 phút ngay sau các bữa ăn chính. Hoạt động cơ bắp lúc này giúp tiêu thụ ngay lượng glucose vừa được hấp thu vào máu, trực tiếp làm giảm biên độ đỉnh tăng đường huyết sau ăn và bảo vệ tuyến tụy.",cdc_prevent_type2_guide
prediabetes_011,prediabetes,"Giấc ngủ đóng vai trò quan trọng trong cơ chế chuyển hóa của người tiền đái tháo đường. Thiếu ngủ kéo dài (dưới 6 giờ mỗi đêm) làm tăng nồng độ cortisol và hormone stress, trực tiếp kích thích gan giải phóng glucose và làm giảm độ nhạy insulin của tế bào cơ. Người dùng nên đảm bảo giấc ngủ sâu từ 7 đến 8 giờ mỗi đêm.",nih_sleep_weight
prediabetes_012,prediabetes,"Người tiền đái tháo đường cần hiểu rằng việc loại bỏ hoàn toàn carbohydrate ra khỏi thực đơn là một sai lầm dinh dưỡng. Cắt tinh bột cực đoan dễ dẫn đến thèm ăn dữ dội, mệt mỏi và mất khối cơ. Thay vào đó, hãy duy trì lượng tinh bột phức hợp vừa phải từ gạo lứt, khoai lang, yến mạch và kiểm soát tốt khẩu phần ăn.",cdc_prevent_type2_guide
prediabetes_013,prediabetes,"Nguy cơ tiến triển từ tiền đái tháo đường lên đái tháo đường type 2 gia tăng rõ rệt ở những người có lối sống tĩnh tại, thừa cân, có người thân trực hệ mắc tiểu đường hoặc trên 45 tuổi. Nhóm đối tượng này cần tuân thủ lịch tầm soát glucose máu định kỳ và thực hiện thay đổi lối sống một cách chủ động.",cdc_prediabetes_lifestyle_change
prediabetes_015,prediabetes,"Hệ thống khuyến khích người tiền đái tháo đường tham gia các chương trình thay đổi lối sống có cấu trúc được công nhận. Các chương trình này cung cấp các hướng dẫn chi tiết về cách xây dựng chế độ ăn giảm calo lành mạnh, tăng dần hoạt động thể chất và duy trì cân nặng ổn định để đảo ngược tình trạng bệnh.",cdc_prediabetes_lifestyle_change
hypertension_010,hypertension,"Một nguồn natri ẩn giấu lớn trong ẩm thực Việt Nam là nước tương (xì dầu). Một muỗng canh nước tương chứa khoảng 900 mg natri (tương đương 60% giới hạn lý tưởng hàng ngày của AHA). Người bệnh tăng huyết áp nên hạn chế rưới trực tiếp nước tương lên thức ăn, và ưu tiên chọn các sản phẩm nước tương giảm muối.",aha_shaking_salt_habit
hypertension_012,hypertension,"Các loại thịt chế biến sẵn như giò chả, lạp xưởng, thịt nguội, xúc xích và thịt xông khói chứa lượng natri rất cao để bảo quản và tạo hương vị. Người bệnh tăng huyết áp cần hạn chế tối đa các thực phẩm này và ưu tiên sử dụng thịt tươi tự chế biến không thêm muối để kiểm soát huyết áp ổn định.",cdc_sodium_health
hypertension_013,hypertension,Đọc trị số natri trên nhãn thực phẩm đóng hộp là bắt buộc đối với người bệnh tăng huyết áp. Hãy kiểm tra trị số natri (mg) và tỷ lệ % Daily Value (%DV). Chọn các thực phẩm có %DV natri dưới 5% (thực phẩm ít muối) và tránh các sản phẩm có %DV natri trên 20% (thực phẩm nhiều muối).,aha_sodium_per_day
hypertension_014,hypertension,"Chế độ ăn DASH (Dietary Approaches to Stop Hypertension) là một phác đồ ăn uống đã được chứng minh lâm sàng giúp hạ huyết áp hiệu quả. DASH khuyến khích ăn nhiều rau quả, ngũ cốc nguyên hạt, sữa ít béo, đạm nạc từ cá/gia cầm và giảm tối đa chất béo bão hòa cùng muối ăn (giới hạn natri ở mức 1500mg đến 2300mg/ngày).",aha_dash_diet
hypertension_015,hypertension,"Chất caffeine trong cà phê, trà đậm hoặc nước tăng lực có thể gây co thắt mạch máu và tăng huyết áp tạm thời. Người bệnh tăng huyết áp có trị số huyết áp chưa được kiểm soát ổn định nên hạn chế uống cà phê đậm đặc, đặc biệt là trước khi thực hiện các hoạt động thể lực nặng.",medlineplus_caffeine
hypertension_016,hypertension,"Kiểm soát lượng rượu bia uống vào là bắt buộc ở người bệnh tăng huyết áp. Uống quá nhiều bia rượu làm mất tác dụng của thuốc hạ áp, gây co mạch và kích thích tim đập nhanh. AHA khuyến nghị nam giới tăng huyết áp không uống quá 2 lon bia (hoặc 2 ly rượu vang) mỗi ngày, và nữ giới không uống quá 1 đơn vị tương tự.",aha_shaking_salt_habit
hypertension_018,hypertension,"Người bệnh tăng huyết áp cần đo huyết áp tư thế ngồi đúng cách tại nhà. Trước khi đo, người bệnh cần nghỉ ngơi tĩnh lặng trong 5 phút, không uống cà phê hay hút thuốc lá trước đó 30 phút. Đặt cánh tay ngang tim, chân chạm đất và không bắt chéo chân để có kết quả đo huyết áp chính xác nhất.",cdc_sodium_health
ckd_g1_006,ckd_g1,"Đối với người bệnh thận mạn giai đoạn G1 (CKD G1), việc kiểm soát lượng đường huyết là ưu tiên hàng đầu nếu bệnh nhân có kèm đái tháo đường. Duy trì chỉ số đường huyết đói dưới 126 mg/dL (7.0 mmol/L) giúp ngăn ngừa tình trạng tổn thương thêm các mạch máu nhỏ ở cầu thận và làm chậm tiến trình suy thận.",kdigo_2024_ckd_guideline
ckd_g1_007,ckd_g1,"Người bệnh thận mạn giai đoạn G1 (CKD G1) cần lưu ý hạn chế nạp quá nhiều thực phẩm chứa chất béo bão hòa (như mỡ động vật, bơ, đồ chiên rán). Rối loạn lipid máu ở giai đoạn đầu của bệnh thận làm tăng xơ vữa mạch máu thận và tăng nguy cơ biến chứng tim mạch, vốn là biến chứng nguy hiểm nhất của CKD.",kdigo_2024_ckd_guideline
ckd_g1_008,ckd_g1,"Chế độ ăn của người bệnh thận mạn giai đoạn G1 (CKD G1) cần chú trọng uống đủ nước lọc (khoảng 1.5 đến 2 lít nước mỗi ngày) để hỗ trợ thận đào thải tốt các chất cặn bã, trừ khi có các tình trạng tim mạch đi kèm yêu cầu hạn chế nước. Tránh nhịn tiểu và duy trì vệ sinh đường tiết niệu để ngừa viêm thận bể thận.",nkf_nutrition_ckd_stages_1_5
ckd_g2_006,ckd_g2,"Đối với người bệnh thận mạn giai đoạn G2 (CKD G2) có kèm tăng huyết áp, kiểm soát huyết áp tối ưu là ưu tiên số một. KDIGO khuyên dùng các nhóm thuốc ức chế men chuyển (ACEi) hoặc chẹn thụ thể (ARB) làm thuốc hạ áp hàng đầu vì các thuốc này mang lại hiệu quả bảo vệ thận, giảm tình trạng tiểu ra đạm rõ rệt.",kdigo_2024_ckd_guideline
ckd_g2_007,ckd_g2,"Người bệnh thận mạn giai đoạn G2 (CKD G2) cần đặc biệt thận trọng với việc lạm dụng các loại thuốc đông y, thảo dược không rõ nguồn gốc hoặc các thực phẩm chức năng tự ý mua trên mạng. Một số chất trong thảo dược có độc tính trực tiếp lên tế bào ống thận, dễ gây ra đợt suy thận cấp trên nền suy giảm chức năng nhẹ.",medlineplus_ckd_diet
ckd_g2_008,ckd_g2,"Duy trì hoạt động thể lực đều đặn là biện pháp hỗ trợ hữu ích cho người bệnh thận mạn giai đoạn G2 (CKD G2). Tập luyện các bài thể dục aerobic nhẹ nhàng (đi bộ, dưỡng sinh) tối thiểu 150 phút mỗi tuần giúp kiểm soát tốt các yếu tố nguy cơ tim mạch, cải thiện sức bền cơ và duy trì trạng thái tinh thần tốt.",kdigo_2024_ckd_guideline
ckd_g3a_009,ckd_g3a,"Người bệnh thận mạn giai đoạn G3a (CKD G3a) cần lưu ý hạn chế sử dụng phốt pho vô cơ có trong các chất bảo quản thực phẩm đóng hộp, nước ngọt có ga và đồ ăn nhanh. Phốt pho vô cơ được hấp thu nhanh chóng vào máu, gây tăng áp lực lên cầu thận và thúc đẩy xơ vữa mạch máu.",medlineplus_ckd_diet
ckd_g3a_010,ckd_g3a,"Tình trạng thiếu máu (anemia) do giảm sản xuất hormone erythropoietin có thể bắt đầu xuất hiện ở bệnh thận mạn giai đoạn G3a (CKD G3a). Người bệnh cần theo dõi chỉ số hemoglobin trong máu định kỳ hàng năm và bổ sung sắt qua thực phẩm (thịt nạc, rau lá xanh) dưới sự kiểm tra của bác sĩ.",kdigo_2024_ckd_guideline
ckd_g3a_011,ckd_g3a,"Người bệnh thận mạn giai đoạn G3a (CKD G3a) cần tuyệt đối tránh tự ý sử dụng các thuốc cản quang (contrast media) chứa iod khi đi chụp CT, MRI trừ khi đã được bác sĩ thận học đánh giá và chuẩn bị bảo vệ thận trước đó bằng cách bù dịch phù hợp.",kdigo_2024_ckd_guideline
ckd_g3b_009,ckd_g3b,"Sự kiểm soát kali máu là yêu cầu quan trọng ở bệnh thận mạn giai đoạn G3b (CKD G3b). Khi nồng độ kali trong máu vượt mức 5.0 mEq/L, người bệnh cần hạn chế các loại thực phẩm giàu kali (như chuối, nước dừa, khoai tây) và trao đổi với bác sĩ về việc sử dụng thuốc thải kali nếu cần.",nkf_potassium_ckd_diet
ckd_g3b_010,ckd_g3b,Bệnh nhân thận mạn giai đoạn G3b (CKD G3b) thường bắt đầu có sự suy giảm hấp thu calci do thiếu hụt vitamin D hoạt tính từ thận. Người bệnh cần theo dõi định kỳ nồng độ calci và phốt pho trong máu để phòng ngừa nguy cơ loãng xương và xơ vữa mạch máu do lắng đọng calci lạc chỗ.,kdigo_2024_ckd_guideline
ckd_g3b_011,ckd_g3b,Người bệnh thận mạn giai đoạn G3b (CKD G3b) cần được bác sĩ rà soát và điều chỉnh danh mục các loại thuốc đang sử dụng (như điều chỉnh liều metformin hoặc một số thuốc kháng sinh đào thải qua thận) để tránh tình trạng tích tụ thuốc gây ngộ độc cho cơ thể.,kdigo_2024_ckd_guideline
ckd_g4_009,ckd_g4,"Đối với người bệnh thận mạn giai đoạn G4 (CKD G4), tình trạng toan chuyển hóa (metabolic acidosis) do thận giảm khả năng đào thải acid có thể xuất hiện thường xuyên. Bác sĩ có thể chỉ định bổ sung natri bicarbonat đường uống để trung hòa acid máu và ngăn ngừa nguy cơ teo cơ, tiêu xương tiến triển.",kdigo_2024_ckd_guideline
ckd_g4_010,ckd_g4,"Việc tiêm phòng vắc-xin viêm gan B (Hepatitis B vaccine) được khuyến nghị thực hiện sớm cho người bệnh thận mạn giai đoạn G4 (CKD G4). Việc tiêm phòng ở giai đoạn này giúp đảm bảo cơ thể tạo ra đủ kháng thể bảo vệ trước khi bước vào giai đoạn lọc máu chu kỳ, vốn là môi trường có nguy cơ lây nhiễm cao.",kdigo_2024_ckd_guideline
ckd_g4_011,ckd_g4,"Người bệnh thận mạn giai đoạn G4 (CKD G4) cần bảo vệ cẩn thận các tĩnh mạch ở vùng cổ tay và cánh tay (đặc biệt là tay không thuận). Cần tránh chọc kim truyền dịch hay lấy máu ở vùng này để bảo tồn các mạch máu lành lặn, chuẩn bị cho việc phẫu thuật tạo cầu nối động tĩnh mạch (fistula) phục vụ chạy thận sau này.",kdigo_2024_ckd_guideline
ckd_g4_012,ckd_g4,"Theo dõi nồng độ kali trong máu ở giai đoạn G4 (CKD G4) đòi hỏi tần suất cao hơn. Nếu kali máu tăng cao liên tục (hyperkalemia), người bệnh bắt buộc phải cắt giảm các thực phẩm giàu kali, hạn chế nước rau luộc và tuyệt đối tránh dùng các loại muối ăn nhân tạo (muối giảm natri) vì chúng chứa nhiều kali clorua thế mạng.",nkf_potassium_ckd_diet
ckd_g4_013,ckd_g4,"Tình trạng loãng xương và đau nhức xương do rối loạn khoáng chất (CKD-MBD) gia tăng mạnh ở giai đoạn G4 (CKD G4). Người bệnh cần tuân thủ nghiêm ngặt đơn thuốc của bác sĩ về bổ sung vitamin D hoạt tính, thuốc gắn phốt pho và tránh tự ý sử dụng các chế phẩm bổ sung calci liều cao không kiểm soát.",kdigo_2024_ckd_guideline
ckd_g5_nondialysis_010,ckd_g5_non_dialysis,"Kiểm soát phốt pho máu ở người bệnh suy thận giai đoạn G5 chưa lọc máu đòi hỏi sự phối hợp chặt chẽ giữa chế độ ăn hạn chế phốt pho (dưới 800 mg/ngày) và sử dụng thuốc gắn kết phốt pho (phosphate binders). Thuốc này phải được uống ngay trong bữa ăn để gắn trực tiếp với phốt pho từ thức ăn tại ruột, giảm hấp thu vào máu.",medlineplus_ckd_diet
ckd_g5_nondialysis_011,ckd_g5_non_dialysis,Người bệnh thận mạn giai đoạn G5 chưa chạy thận cần hạn chế tuyệt đối lượng phốt pho từ phụ gia vô cơ và hạn chế phốt pho hữu cơ từ động vật. Nên ưu tiên chọn phốt pho từ thực vật (như các loại đậu đỗ) vì phốt pho thực vật chỉ được hấp thu khoảng 30-40% tại ruột nhờ cấu trúc phytate mà người không tiêu hóa được.,nkf_nutrition_ckd_stages_1_5
ckd_g5_nondialysis_012,ckd_g5_non_dialysis,"Hiện tượng chán ăn và buồn nôn là triệu chứng điển hình của hội chứng urê huyết cao ở người bệnh giai đoạn G5 chưa chạy thận. Người bệnh cần báo ngay cho bác sĩ điều trị để được đánh giá lâm sàng, chuẩn bị lập đường truyền chạy thận (AVF) hoặc chuẩn bị đặt catheter lọc màng bụng để tiến hành lọc máu kịp thời.",kdigo_2024_ckd_guideline
ckd_g5_nondialysis_013,ckd_g5_non_dialysis,"Người bệnh thận mạn giai đoạn G5 chưa lọc máu có kèm đái tháo đường cần được rà soát dừng sử dụng các thuốc hạ đường huyết đào thải qua thận như metformin hoặc một số thuốc nhóm sulfonylurea, vì nguy cơ tích tụ thuốc gây toan lactic hoặc hạ đường huyết nặng đe dọa tính mạng.",kdigo_2024_ckd_guideline
ckd_dialysis_009,ckd_dialysis,"Đối với người bệnh lọc màng bụng chu kỳ (peritoneal dialysis), khả năng đào thải nước và các chất hòa tan diễn ra liên tục hàng ngày thông qua dịch lọc trong khoang bụng. Do đó, người bệnh lọc màng bụng có thể có chế độ uống nước và ăn kali bớt khắt khe hơn so với người bệnh chạy thận nhân tạo.",nkf_potassium_ckd_diet
ckd_dialysis_010,ckd_dialysis,Bệnh nhân chạy thận nhân tạo (hemodialysis) cần lưu ý tình trạng mất kali trong quá trình lọc máu có thể khác nhau. Mức độ hạn chế kali trong chế độ ăn uống phải được điều chỉnh dựa trên kết quả xét nghiệm máu định kỳ tại đơn vị lọc máu để tránh cả nguy cơ tăng kali máu nguy hiểm và hạ kali máu gây yếu cơ.,nkf_potassium_ckd_diet
ckd_unknown_005,ckd_stage_unknown,"Trong bối cảnh chưa xác định được giai đoạn bệnh thận mạn, các thông tin tư vấn tự động sẽ tránh đưa ra các chỉ dẫn cụ thể về việc uống bao nhiêu nước hay lượng đạm chính xác. Người bệnh chỉ cần hạn chế muối ăn tổng quát, ăn chín uống sôi và giữ huyết áp ổn định trong khi chờ xét nghiệm mức lọc cầu thận eGFR.",medlineplus_ckd_diet
ckd_unknown_006,ckd_stage_unknown,"Người bệnh nghi ngờ mắc bệnh thận mạn nhưng chưa rõ giai đoạn cần biết rằng chỉ số Creatinine máu đơn thuần có thể thay đổi theo khối lượng cơ và tuổi tác. Để đánh giá chính xác chức năng lọc của thận, bác sĩ bắt buộc phải tính toán mức lọc cầu thận ước tính (eGFR) và xét nghiệm nước tiểu tìm albumin niệu.",kdigo_2024_ckd_guideline
ckd_unknown_007,ckd_stage_unknown,"Người dùng bệnh thận mạn chưa rõ giai đoạn cần được khuyên tránh tự ý sử dụng các thuốc giảm đau kháng viêm NSAID (như ibuprofen, meloxicam) hoặc các bài thuốc lá dân gian truyền miệng để tự điều trị đau khớp hay mệt mỏi, do nguy cơ đẩy nhanh suy thận tiến triển lên giai đoạn cuối.",medlineplus_ckd_diet
gout_011,gout,"Người bệnh gout cần hạn chế sử dụng nước hầm xương, nước luộc thịt đậm đặc hoặc các món lẩu. Quá trình ninh nấu lâu khiến lượng purine trong thịt hòa tan lượng lớn vào nước dùng, khiến các món nước này chứa nồng độ purine rất cao và dễ làm bùng phát cơn gout cấp sau khi ăn.",medlineplus_gout_encyclopedia
gout_012,gout,"Một phát hiện y khoa quan trọng là các loại thực vật giàu purine (như các loại đậu đỗ, súp lơ, nấm, măng tây) không làm tăng nguy cơ bùng phát cơn gout cấp như purine từ thịt động vật. Do đó, người bệnh gout không cần phải kiêng hoàn toàn các loại rau củ này mà có thể sử dụng bình thường để bổ sung chất xơ và đạm thực vật.",medlineplus_gout_encyclopedia
gout_013,gout,"Sử dụng các sản phẩm sữa ít béo hoặc không béo (như sữa tươi tách béo, sữa chua không đường) mang lại lợi ích hỗ trợ điều trị cho người bệnh gout. Các protein trong sữa (như casein, lactalbumin) có tác dụng kích thích thận tăng cường đào thải axit uric ra ngoài qua nước tiểu, giúp giảm nhẹ nồng độ axit uric máu.",medlineplus_gout_encyclopedia
gout_014,gout,"Người bệnh gout thừa cân cần tránh áp dụng các biện pháp giảm cân quá nhanh, nhịn ăn thanh lọc cơ thể cực đoan hoặc tập luyện quá sức đột ngột. Giảm cân quá nhanh giải phóng nhiều ketone vào máu, cạnh tranh đào thải với axit uric tại thận, dẫn đến tăng vọt axit uric máu và kích ngòi cơn gout cấp dữ dội.",medlineplus_gout
gout_015,gout,"Mối liên hệ giữa bệnh gout và bệnh thận mạn (CKD) đòi hỏi sự quản lý thận trọng. Thận suy giảm chức năng lọc (eGFR giảm) sẽ trực tiếp làm giảm khả năng đào thải axit uric, khiến axit uric máu tăng cao và dễ lắng động tại khớp. Ngược lại, các tinh thể urat lắng đọng lâu ngày tại nhu mô thận cũng gây tổn thương thận mạn.",nkf_gout_ckd
gout_016,gout,Mục tiêu kiểm soát axit uric máu lâu dài đối với người bệnh gout là duy trì nồng độ axit uric dưới 6.0 mg/dL (khoảng 360 umol/L) hoặc dưới 5.0 mg/dL ở những bệnh nhân có hạt tophi. Duy trì mức axit uric thấp này giúp các tinh thể muối urat cũ dần hòa tan và ngăn ngừa sự hình thành các tinh thể mới bảo vệ khớp.,medlineplus_uric_acid_blood
gout_017,gout,"Người bệnh gout cần lưu ý rằng chất cồn trong các loại rượu mạnh (như rượu gạo, whisky) cũng gây hại không kém gì bia. Rượu làm tăng sản xuất axit lactic trong cơ thể, cạnh tranh trực tiếp với axit uric tại ống thận, khiến thận giảm bài tiết axit uric và dễ làm bùng phát cơn gout cấp.",medlineplus_gout_encyclopedia
gout_018,gout,"Người bệnh gout cần được giải thích rõ rằng chế độ ăn kiêng nghiêm ngặt nhất cũng chỉ giúp giảm khoảng 1 đến 2 mg/dL axit uric máu. Do đó, ăn kiêng không thể thay thế cho các thuốc hạ axit uric (như allopurinol, febuxostat) theo chỉ định của bác sĩ trong việc điều trị gout mạn tính.",medlineplus_gout
obesity_009,obesity,"Nhận biết và kiểm soát tình trạng ăn uống theo cảm xúc (emotional eating) là yếu tố then chốt để quản lý béo phì lâu dài. Ăn uống khi buồn chán, căng thẳng hay lo âu thay vì ăn do đói sinh học thường dẫn đến nạp quá nhiều calo dư thừa; người dùng nên tìm kiếm các liệu pháp thư giãn thay thế như đi bộ, nghe nhạc.",medlineplus_obesity
obesity_010,obesity,"Thiếu ngủ hoặc giấc ngủ không ổn định (dưới 6 giờ mỗi đêm) có liên quan trực tiếp đến việc tăng cân và béo phì. Thiếu ngủ làm thay đổi nồng độ hormone ghrelin (kích thích cảm giác đói) và giảm leptin (hormone báo no), đồng thời tăng hormone stress cortisol thúc đẩy tích tụ mỡ vùng bụng.",nih_sleep_weight
obesity_011,obesity,"Ăn các thực phẩm có mật độ năng lượng thấp (low energy density) giúp người béo phì giảm cân hiệu quả mà không bị đói. Ưu tiên ăn rau xanh, canh rau trong và các loại quả ít ngọt trước bữa ăn chính để làm đầy dạ dày bằng chất xơ và nước, giúp tự động cắt giảm lượng calo nạp vào từ tinh bột và thịt sau đó.",cdc_healthy_eating_weight
obesity_012,obesity,"Bổ sung đủ chất đạm (protein) chất lượng cao trong chế độ ăn kiêng giúp tăng cảm giác no và bảo vệ khối cơ ở người béo phì. Quá trình tiêu hóa protein tiêu hao nhiều năng lượng hơn tinh bột (hiệu ứng nhiệt của thực phẩm) và duy trì cảm giác no lâu, hỗ trợ duy trì tỷ lệ trao đổi chất cơ bản ổn định.",medlineplus_obesity
obesity_013,obesity,"Tốc độ giảm cân an toàn và bền vững được khuyến nghị đối với người béo phì là khoảng 0.5 đến 1 kg mỗi tuần. Giảm cân từ từ giúp cơ thể điều chỉnh thích nghi, tránh hiện tượng mất nước, mất cơ bắp đột ngột và giảm tối đa tỷ lệ tăng cân trở lại (hiệu ứng yoyo).",cdc_steps_losing_weight
obesity_014,obesity,"Duy trì hoạt động thể lực đều đặn là yếu tố cốt lõi để giữ cân nặng ổn định sau giảm cân ở người béo phì. Tập thể dục hiếu khí (aerobic) ít nhất 150 phút mỗi tuần kết hợp các bài tập cơ lực giúp củng cố khối cơ, tăng tiêu hao năng lượng nền và ngăn chặn mỡ tích tụ trở lại.",cdc_steps_losing_weight
obesity_015,obesity,Mối tương quan giữa béo phì và đái tháo đường type 2 là rất lớn. Tích tụ mỡ dư thừa ở vùng bụng giải phóng các acid béo tự do gây kháng insulin mạnh ở tế bào. Giảm cân từ 5% đến 10% trọng lượng cơ thể giúp phục hồi đáng kể khả năng sử dụng insulin và hỗ trợ kiểm soát đường huyết rõ rệt.,cdc_steps_losing_weight
obesity_016,obesity,"Béo phì làm tăng đáng kể áp lực lên tim và thành mạch, đẩy nhanh tiến trình tăng huyết áp. Giảm cân bền vững giúp giảm thể tích tuần hoàn máu, giảm gánh nặng co bóp cho cơ tim; giảm mỗi kg cân nặng dư thừa có thể giúp huyết áp tâm thu giảm khoảng 1 mmHg ở người thừa cân.",cdc_healthy_eating_weight
safety_008,general_safety,"Đối với người cao tuổi bị béo phì hoặc suy thận mạn kèm theo, giảm cân hay kiêng khem quá mức có nguy cơ dẫn đến teo cơ xương gây suy yếu (frailty), làm tăng nguy cơ té ngã và giảm chất lượng sống. Do đó, việc can thiệp dinh dưỡng bắt buộc phải bổ sung đủ chất đạm chất lượng cao kết hợp tập kháng lực nhẹ dưới sự giám sát trực tiếp của bác sĩ.",medlineplus_obesity
safety_009,general_safety,"Người dùng có dấu hiệu của rối loạn ăn uống (như chán ăn tâm thần, ăn vô độ khi căng thẳng rồi tự móc họng nôn) không được tự ý thực hiện các chế độ ăn kiêng hay giảm cân tự động. Các tình trạng này cần sự can thiệp và trị liệu chuyên sâu phối hợp giữa chuyên khoa tâm thần và dinh dưỡng lâm sàng.",medlineplus_obesity
safety_010,general_safety,"Trong trường hợp thông tin lâm sàng của người dùng cung cấp không đầy đủ hoặc có sự mâu thuẫn (ví dụ: các chỉ số xét nghiệm eGFR và creatinine không đồng nhất), hệ thống RAG sẽ từ chối đưa ra các khuyến nghị dinh dưỡng cụ thể và hướng dẫn người dùng thực hiện xét nghiệm lại hoặc tham vấn ý kiến trực tiếp từ bác sĩ chuyên khoa.",kdigo_2024_ckd_guideline
safety_011,general_safety,"Khi người dùng mắc đồng thời nhiều bệnh lý mạn tính có khuyến nghị mâu thuẫn nhau (ví dụ: vừa bị suy thận giai đoạn G4 yêu cầu kiêng đạm nghiêm ngặt vừa bị béo phì/suy mòn yêu cầu ăn nhiều đạm), các quy tắc RAG tự động sẽ bị vô hiệu hóa. Người dùng bắt buộc phải tuân theo thực đơn cá nhân hóa do bác sĩ chuyên khoa dinh dưỡng tiết chế thiết kế.",medlineplus_obesity
medquad_diabetes_t1_001,diabetes_type_1,"Đái tháo đường type 1 là bệnh trong đó hệ miễn dịch phá hủy các tế bào beta của tuyến tụy, làm cơ thể thiếu insulin. Khi không có đủ insulin, glucose tích tụ trong máu. Người bệnh thường cần dùng insulin, theo dõi đường huyết và phối hợp ăn uống với vận động hằng ngày.",medquad_gard
medquad_diabetes_t1_002,diabetes_type_1,"Triệu chứng có thể gồm khát nhiều, tiểu nhiều, đói nhiều, sụt cân không chủ ý, mệt mỏi và nhìn mờ. Nếu xuất hiện buồn nôn, nôn, đau bụng, thở nhanh hoặc lú lẫn, người bệnh cần được đánh giá y tế khẩn cấp vì có thể liên quan đến nhiễm toan ceton.",medquad_gard
medquad_diabetes_t1_003,diabetes_type_1,"Quản lý type 1 thường gồm dùng insulin theo chỉ định, theo dõi glucose, lập kế hoạch bữa ăn và carbohydrate, vận động an toàn và tái khám định kỳ. Liều insulin cần được điều chỉnh theo thức ăn, hoạt động thể lực, tình trạng sức khỏe và hướng dẫn của đội ngũ điều trị.",medquad_ghr
medquad_diabetes_t2_001,diabetes_type_2,"Đái tháo đường type 2 xảy ra khi cơ thể không sử dụng insulin hiệu quả và theo thời gian có thể không tạo đủ insulin để giữ đường huyết trong giới hạn phù hợp. Bệnh thường tiến triển âm thầm và có thể ảnh hưởng đến tim, mạch máu, mắt, thần kinh và thận nếu không được kiểm soát.",medquad_mplushealthtopics
medquad_diabetes_t2_002,diabetes_type_2,"Type 2 có thể không gây triệu chứng rõ trong thời gian dài. Khi xuất hiện, triệu chứng có thể gồm khát nhiều, tiểu nhiều, đói nhiều, mệt mỏi, nhìn mờ, vết thương lâu lành, tê hoặc châm chích ở tay chân và sụt cân không chủ ý.",medquad_niddk
medquad_diabetes_t2_003,diabetes_type_2,"Nguy cơ tăng ở người thừa cân hoặc béo phì, ít vận động, có tiền sử gia đình mắc bệnh, từng bị đái tháo đường thai kỳ, đang có tiền tiểu đường hoặc lớn tuổi hơn. Nguy cơ cá nhân nên được đánh giá bằng tiền sử, khám và xét nghiệm phù hợp.",medquad_niddk
medquad_diabetes_t2_004,diabetes_type_2,"Ở người có nguy cơ cao, giảm cân ở mức vừa phải nếu đang thừa cân, ăn uống lành mạnh và hoạt động thể lực đều đặn có thể giúp trì hoãn hoặc phòng ngừa type 2. Thay đổi nên thực hiện dần, có thể duy trì lâu dài và phù hợp với tình trạng sức khỏe.",medquad_niddk
medquad_prediabetes_001,prediabetes,Kháng insulin là tình trạng cơ thể vẫn tạo insulin nhưng các tế bào đáp ứng kém với insulin. Glucose vì vậy khó đi từ máu vào tế bào và có thể làm tăng nguy cơ tiền tiểu đường hoặc đái tháo đường type 2.,medquad_niddk
medquad_prediabetes_002,prediabetes,"Tiền tiểu đường là khi đường huyết hoặc HbA1c cao hơn bình thường nhưng chưa đạt tiêu chuẩn chẩn đoán đái tháo đường. Tình trạng này làm tăng nguy cơ mắc type 2 và bệnh tim mạch, nhưng nguy cơ có thể giảm nhờ thay đổi lối sống và theo dõi phù hợp.",medquad_niddk
medquad_prediabetes_003,prediabetes,"Tiền tiểu đường và kháng insulin thường không có triệu chứng nên nhiều người không biết mình mắc. Một số người kháng insulin nặng có thể có vùng da sẫm màu và dày hơn, thường ở cổ, nách hoặc các nếp gấp. Chẩn đoán vẫn cần dựa vào đánh giá và xét nghiệm.",medquad_niddk
medquad_prediabetes_004,prediabetes,"Nên ưu tiên chế độ ăn có thể duy trì lâu dài, kiểm soát khẩu phần, chọn thực phẩm ít chế biến và tăng hoạt động thể lực. Nếu đang thừa cân, giảm cân vừa phải có thể cải thiện kháng insulin. Không nên áp dụng chế độ giảm cân cực đoan hoặc tự dùng thực phẩm bổ sung để thay thế điều trị.",medquad_niddk
medquad_hypertension_001,hypertension,"Huyết áp là lực của máu tác động lên thành động mạch. Tăng huyết áp được xác định khi kết quả đo lặp lại cao hơn ngưỡng phù hợp theo đánh giá y tế. Bệnh thường không có triệu chứng nhưng có thể làm tăng nguy cơ đột quỵ, bệnh tim và tổn thương thận.",medquad_mplushealthtopics
medquad_hypertension_002,hypertension,"Nguy cơ có thể tăng theo tuổi, tiền sử gia đình, thừa cân hoặc béo phì, ít vận động, ăn nhiều natri, uống nhiều rượu và căng thẳng kéo dài. Một số bệnh lý và thuốc cũng có thể ảnh hưởng đến huyết áp, vì vậy cần đánh giá theo từng người.",medquad_nhlbi
medquad_hypertension_003,hypertension,"Tăng huyết áp thường không có triệu chứng và có thể chỉ được phát hiện khi đo. Nếu không kiểm soát, bệnh có thể gây tổn thương tim, não, mắt, mạch máu và thận. Đau ngực, khó thở nặng, yếu liệt, méo miệng hoặc rối loạn ý thức cần được xử trí cấp cứu.",medquad_nhlbi
medquad_hypertension_004,hypertension,"Duy trì cân nặng phù hợp, vận động đều, giảm thực phẩm nhiều natri, ăn đa dạng thực phẩm ít chế biến, hạn chế rượu, không hút thuốc và đo huyết áp định kỳ có thể giúp giảm nguy cơ. Người đã được chẩn đoán cần tuân thủ thuốc và lịch theo dõi.",medquad_nhlbi
medquad_gout_001,gout,"Gout là một dạng viêm khớp gây đau dữ dội, sưng, nóng và đỏ tại khớp. Bệnh xảy ra khi acid uric tích tụ và tạo tinh thể trong hoặc quanh khớp; ngón chân cái thường bị ảnh hưởng nhưng các khớp khác cũng có thể mắc. Chẩn đoán cần phân biệt với các nguyên nhân viêm khớp khác.",medquad_mplushealthtopics
medquad_obesity_001,obesity,"Béo phì là tình trạng tích lũy quá nhiều mỡ cơ thể, khác với khái niệm chỉ có cân nặng cao. Béo phì làm tăng nguy cơ đái tháo đường type 2, bệnh tim mạch, đột quỵ, một số bệnh khớp và những vấn đề sức khỏe khác.",medquad_mplushealthtopics
medquad_obesity_002,obesity,"Thừa cân và béo phì thường hình thành khi năng lượng nạp vào cao hơn năng lượng cơ thể sử dụng trong thời gian dài. Nguy cơ còn chịu ảnh hưởng của di truyền, môi trường, giấc ngủ, hoạt động thể lực, thói quen ăn uống, bệnh lý và một số thuốc.",medquad_nhlbi
medquad_obesity_003,obesity,"BMI được tính từ cân nặng và chiều cao, thường dùng để sàng lọc thừa cân hoặc béo phì ở người lớn. Tuy nhiên BMI không đo trực tiếp mỡ cơ thể và có thể sai lệch ở người nhiều cơ hoặc mất cơ. Vòng eo, bệnh kèm theo và đánh giá lâm sàng cũng cần được xem xét.",medquad_nhlbi
medquad_obesity_004,obesity,"Nên xây dựng chế độ ăn cân bằng, chú ý khẩu phần, hạn chế đồ uống có đường và thực phẩm chế biến nhiều năng lượng, đồng thời duy trì vận động và giảm thời gian ít hoạt động. Theo dõi cân nặng và vòng eo giúp nhận biết xu hướng tăng cân sớm.",medquad_nhlbi
medquad_ckd_001,ckd_stage_unknown,"Bệnh thận mạn là tình trạng thận bị tổn thương hoặc suy giảm khả năng lọc máu kéo dài. Chất thải và dịch có thể tích tụ, đồng thời bệnh ảnh hưởng đến huyết áp, máu và xương. Đái tháo đường và tăng huyết áp là hai nguyên nhân phổ biến.",medquad_mplushealthtopics
medquad_ckd_002,ckd_stage_unknown,"CKD thường phát triển từ từ và có thể không gây triệu chứng lúc đầu. Khi chức năng thận giảm, kali, phospho, dịch và chất thải có thể tích tụ; thiếu máu và rối loạn xương-khoáng cũng có thể xuất hiện. Theo dõi xét nghiệm giúp phát hiện thay đổi sớm.",medquad_niddk
medquad_ckd_003,ckd_stage_unknown,"Kiểm soát đường huyết và huyết áp bằng chế độ ăn phù hợp, vận động và điều trị có thể giúp làm chậm tổn thương thận. Kế hoạch ăn nên dựa trên giai đoạn CKD, xét nghiệm và bệnh kèm theo; chuyên gia dinh dưỡng thận có thể hỗ trợ điều chỉnh thực phẩm và khẩu phần.",medquad_niddk
medquad_ckd_004,ckd_stage_unknown,"CKD thường không có triệu chứng ở giai đoạn đầu. Khi bệnh tiến triển, người bệnh có thể phù chân, thay đổi lượng nước tiểu, chán ăn, buồn nôn, mệt, ngứa, chuột rút, khó tập trung hoặc khó thở. Các triệu chứng này cần được đánh giá y tế, không dùng để tự chẩn đoán.",medquad_niddk
medquad_ckd_005,ckd_stage_unknown,"Thiếu máu là tình trạng số lượng hồng cầu hoặc khả năng vận chuyển oxy thấp hơn bình thường. Ở người CKD, thận có thể tạo ít erythropoietin hơn, khiến tủy xương sản xuất ít hồng cầu và làm cơ thể, tim hoặc não nhận ít oxy hơn.",medquad_niddk
medquad_ckd_006,ckd_stage_unknown,"Triệu chứng có thể gồm yếu, mệt, đau đầu, khó tập trung, da nhợt, chóng mặt, khó thở hoặc đau ngực. Khó thở rõ, đau ngực, ngất hoặc tình trạng xấu nhanh cần được đánh giá cấp cứu.",medquad_niddk
medquad_ckd_007,ckd_stage_unknown,"Bệnh thận do đái tháo đường là tổn thương thận liên quan đến đường huyết cao kéo dài và các yếu tố nguy cơ đi kèm. Bệnh có thể tiến triển âm thầm thành CKD hoặc suy thận, vì vậy người mắc đái tháo đường cần được kiểm tra chức năng thận và albumin niệu định kỳ theo chỉ định.",medquad_niddk
medquad_ckd_dialysis_001,ckd_dialysis,"Suy thận xảy ra khi thận không còn lọc máu đủ để duy trì sức khỏe. Các lựa chọn có thể gồm chạy thận nhân tạo, lọc màng bụng, ghép thận hoặc chăm sóc bảo tồn tùy trường hợp. Quyết định cần dựa trên tình trạng y tế, mục tiêu và lối sống của người bệnh.",medquad_mplushealthtopics
medquad_ckd_dialysis_002,ckd_dialysis,"Lượng dịch cho phép phải được cá nhân hóa theo lượng nước tiểu còn lại, cân nặng khô, huyết áp và phác đồ lọc máu. Thực phẩm lỏng ở nhiệt độ phòng cũng được tính vào lượng dịch. Ăn mặn làm tăng khát; quá tải dịch có thể gây phù, tăng huyết áp và làm tim hoạt động nặng hơn.",medquad_niddk
medquad_ckd_dialysis_003,ckd_dialysis,"Kali quá cao có thể gây rối loạn nhịp tim nguy hiểm. Việc hạn chế hay bổ sung kali phải dựa vào xét nghiệm, loại lọc máu và hướng dẫn của chuyên gia dinh dưỡng thận; không nên tự loại bỏ toàn bộ rau quả hoặc tự dùng muối thay thế.",medquad_niddk
medquad_ckd_dialysis_004,ckd_dialysis,"Phospho cao kéo dài có thể làm rối loạn cân bằng canxi, gây yếu xương và ngứa. Người bệnh có thể cần điều chỉnh thực phẩm chứa phospho và dùng thuốc gắn phosphat nếu được kê. Thuốc phải dùng đúng thời điểm và liều theo chỉ định.",medquad_niddk
medquad_ckd_dialysis_005,ckd_dialysis,"Lọc máu có thể làm mất protein nên nhiều người chạy thận cần lượng protein cao hơn giai đoạn CKD chưa lọc máu. Nhu cầu cụ thể phụ thuộc cân nặng, tình trạng dinh dưỡng, loại lọc máu và bệnh kèm theo; nên ưu tiên nguồn protein phù hợp theo kế hoạch của chuyên gia dinh dưỡng thận.",medquad_niddk
medquad_ckd_dialysis_006,ckd_dialysis,"Ăn nhiều natri làm tăng khát và giữ nước, có thể góp phần gây phù, tăng huyết áp và quá tải tim giữa các buổi lọc. Nên ưu tiên thực phẩm tươi, đọc nhãn natri và chỉ dùng muối thay thế khi đội ngũ điều trị xác nhận an toàn vì nhiều loại chứa kali.",medquad_niddk
medquad_ckd_dialysis_007,ckd_dialysis,"Lọc màng bụng dùng lớp màng trong ổ bụng làm bề mặt lọc máu. Dịch lọc được đưa qua catheter vào ổ bụng để hấp thu chất thải và dịch dư, sau đó được tháo ra và thay bằng dịch mới. Các lần thay dịch phải thực hiện đúng kỹ thuật và lịch điều trị.",medquad_niddk
medquad_ckd_dialysis_008,ckd_dialysis,"Biến chứng quan trọng của lọc màng bụng là viêm phúc mạc. Đau bụng, sốt, dịch tháo ra đục hoặc tình trạng xấu đi cần liên hệ cơ sở lọc máu ngay. Chế độ ăn và lượng dịch phải được điều chỉnh riêng vì lọc màng bụng khác chạy thận nhân tạo.",medquad_niddk
vihealthqa_diabetes_unknown_0001,diabetes_type_unknown,"Người mắc đái tháo đường không nhất thiết phải kiêng hoàn toàn cơm trắng. Cơm là nguồn carbohydrate có thể làm tăng đường huyết, vì vậy cần kiểm soát khẩu phần, phối hợp với rau và thực phẩm giàu protein, đồng thời theo dõi đáp ứng đường huyết để điều chỉnh theo kế hoạch dinh dưỡng cá nhân.",vihealthqa_vinmec
vihealthqa_diabetes_unknown_0002,diabetes_type_unknown,"Chất xơ từ rau, đậu và ngũ cốc nguyên hạt giúp làm chậm hấp thu carbohydrate và hạn chế đường huyết tăng nhanh sau ăn. Bữa ăn nên cân đối giữa rau, thực phẩm giàu protein và phần tinh bột phù hợp, thay vì loại bỏ hoàn toàn một nhóm thực phẩm.",vihealthqa_vinmec
vihealthqa_diabetes_unknown_0003,diabetes_type_unknown,"Người mắc đái tháo đường không nên bỏ bữa hoặc nhịn ăn tùy tiện, nhất là khi đang dùng thuốc hạ đường huyết hoặc insulin. Nên hạn chế bánh kẹo, đồ uống có đường, mứt, trái cây sấy và thực phẩm nhiều chất béo bão hòa; duy trì vận động và dùng thuốc đúng chỉ định.",vihealthqa_vinmec
vihealthqa_diabetes_unknown_0004,diabetes_type_unknown,"Không thể khẳng định hoặc loại trừ đái tháo đường chỉ từ một lần đo glucose. Kết quả cần được hiểu theo thời điểm lấy mẫu, tình trạng nhịn ăn và các xét nghiệm khác như HbA1c; người có nguy cơ nên được xét nghiệm lại theo hướng dẫn chuyên môn.",vihealthqa_vinmec
vihealthqa_diabetes_unknown_0005,diabetes_type_unknown,"Kiểm soát đường huyết cần kết hợp theo dõi định kỳ, dùng thuốc hoặc insulin đúng đơn, chế độ ăn cân đối và vận động phù hợp. Không tự ý đổi liều, ngừng thuốc hoặc thêm thuốc khi chưa trao đổi với bác sĩ.",vihealthqa_vinmec
vihealthqa_diabetes_t1_0001,diabetes_type_1,"Các dấu hiệu thường gặp của đái tháo đường type 1 gồm khát nhiều, tiểu nhiều, nhanh đói, sụt cân không rõ nguyên nhân, mệt mỏi và nhìn mờ. Đau bụng, nôn hoặc thở nhanh sâu có thể là dấu hiệu nặng và cần được đánh giá y tế khẩn cấp.",vihealthqa_vinmec
vihealthqa_diabetes_t2_0001,diabetes_type_2,Người đang dùng insulin mà bỏ bữa hoặc ăn ít hơn bình thường có nguy cơ hạ đường huyết. Cần theo dõi glucose sát hơn và liên hệ bác sĩ để được hướng dẫn điều chỉnh; không tự thay đổi hoặc bỏ liều insulin.,vihealthqa_vinmec
vihealthqa_prediabetes_0001,prediabetes,"Tiền đái tháo đường thường không có triệu chứng rõ và phải được xác định bằng xét nghiệm máu. Một số người có thể khát, tiểu nhiều, mệt, nhìn mờ hoặc có vùng da sẫm màu ở cổ và nách, nhưng các dấu hiệu này không thay thế xét nghiệm.",vihealthqa_vinmec
vihealthqa_prediabetes_0002,prediabetes,"Việc dùng thuốc ở người tiền đái tháo đường phụ thuộc kết quả theo dõi glucose và các yếu tố nguy cơ như huyết áp, tim mạch, mỡ máu, gan và thận. Với nhiều người, ăn uống phù hợp, vận động đều và giảm cân nếu thừa cân là nền tảng ban đầu.",vihealthqa_vinmec
vihealthqa_hypertension_0001,hypertension,"Tăng huyết áp là bệnh mạn tính thường cần điều trị và theo dõi lâu dài để giảm nguy cơ nhồi máu cơ tim, đột quỵ và tổn thương cơ quan. Nếu nghi thuốc gây tác dụng phụ, không nên tự ngừng thuốc mà cần trao đổi với bác sĩ để điều chỉnh điều trị.",vihealthqa_vinmec
vihealthqa_gout_0001,gout,"Tăng acid uric máu chưa đồng nghĩa với bệnh gout. Gout được nghĩ đến khi tinh thể urat gây viêm khớp hoặc có biểu hiện lâm sàng phù hợp; chẩn đoán cần kết hợp triệu chứng, thăm khám và xét nghiệm thay vì chỉ dựa vào một chỉ số acid uric.",vihealthqa_vinmec
vihealthqa_gout_0002,gout,"Acid uric được tạo ra khi cơ thể phân giải purin. Thực phẩm và đồ uống giàu purin như phủ tạng, một số hải sản và rượu bia có thể làm tăng gánh acid uric, nhưng mức độ ảnh hưởng và chế độ ăn cần được cá nhân hóa.",vihealthqa_vinmec
vihealthqa_ckd_unknown_0001,ckd_stage_unknown,"Một kết quả creatinine đơn lẻ chưa đủ để xác định bệnh thận mạn. Cần đánh giá cùng tuổi, eGFR, xét nghiệm nước tiểu và việc bất thường có kéo dài hay không; tăng huyết áp, đái tháo đường và sỏi tiết niệu là những nguyên nhân có thể liên quan.",vihealthqa_vinmec
vihealthqa_ckd_unknown_0002,ckd_stage_unknown,"Bệnh thận mạn giai đoạn sớm có thể không gây triệu chứng và đôi khi chỉ được phát hiện qua albumin, protein hoặc máu trong nước tiểu, hay eGFR giảm. Vì vậy người có nguy cơ cần xét nghiệm và theo dõi định kỳ.",vihealthqa_vinmec
vihealthqa_ckd_dialysis_0001,ckd_dialysis,"Ngứa ở người chạy thận có thể liên quan đến da khô, phospho máu cao, hiệu quả lọc máu chưa đủ hoặc sản phẩm dùng trên da. Nên dưỡng ẩm, tránh cào gãi và trao đổi với đội ngũ điều trị để kiểm tra phospho, tình trạng da và phác đồ lọc máu.",vihealthqa_vinmec
