chunk_id,condition_code,chunk_type,language,text,source_id,source_title,source_url,source_org,license_note,review_status,medical_review_notes,localization_notes,source_support_notes,data_quality_flags
rag_diabetes_001,diabetes,explanation,vi,"Carbohydrate là nhóm chất dinh dưỡng có ảnh hưởng trực tiếp đến đường huyết sau bữa ăn vì cơ thể chuyển carbohydrate thành glucose để sử dụng làm năng lượng. Với người đái tháo đường, điều quan trọng không phải là loại bỏ hoàn toàn cơm, bún, bánh mì, trái cây hay sữa, mà là hiểu lượng ăn, cách phân bổ trong ngày và cách kết hợp với rau, đạm nạc, chất béo có lợi. Nội dung này chỉ là bản nháp giải thích chung; kế hoạch cụ thể cần được cá nhân hóa theo thuốc, mức đường huyết, hoạt động thể lực và tư vấn của nhân viên y tế.",ada_understanding_carbs,Understanding Carbs,https://diabetes.org/food-nutrition/understanding-carbs,American Diabetes Association,Academic prototype draft. Text is paraphrased/summarized from the listed public health source; raw source is retained for traceability and the chunk requires human medical review.,needs_review,"No direct diagnosis, medication-stop instruction, or unsupported hard threshold detected by automated review; still requires human medical review.",Contains Vietnamese food/local habit examples; wording is plausible but requires human localization review. Contains Vietnamese food/local habit examples; wording is plausible but requires human localization review. Contains Vietnamese food/local habit examples; wording is plausible but requires human localization review.,Source metadata is present and the chunk appears broadly aligned with its condition.,
rag_diabetes_002,diabetes,lifestyle,vi,"Một bữa ăn cân bằng cho người đái tháo đường thường nên có cấu trúc dễ nhìn: nhiều rau không tinh bột, một phần thực phẩm giàu đạm, một phần thực phẩm chứa carbohydrate và đồ uống ít hoặc không đường. Cách tiếp cận kiểu đĩa ăn giúp người dùng ước lượng khẩu phần mà không phải cân đo mọi món, đồng thời vẫn giữ được sự linh hoạt với món Việt như cơm, canh, cá, đậu phụ và rau luộc. Đây là bản nháp cần chuyên gia dinh dưỡng rà soát trước khi dùng trong tư vấn cá nhân.",cdc_diabetes_meal_planning,Diabetes Meal Planning,https://www.cdc.gov/diabetes/healthy-eating/diabetes-meal-planning.html,CDC,Academic prototype draft. Text is paraphrased/summarized from the listed public health source; raw source is retained for traceability and the chunk requires human medical review.,needs_review,"No direct diagnosis, medication-stop instruction, or unsupported hard threshold detected by automated review; still requires human medical review.",Contains Vietnamese food/local habit examples; wording is plausible but requires human localization review. Contains Vietnamese food/local habit examples; wording is plausible but requires human localization review. Contains Vietnamese food/local habit examples; wording is plausible but requires human localization review.,Source metadata is present and the chunk appears broadly aligned with its condition.,
rag_diabetes_003,diabetes,faq,vi,"Người đái tháo đường không nhất thiết phải kiêng hoàn toàn trái cây. Trái cây có vitamin, khoáng chất và chất xơ, nhưng vẫn có carbohydrate tự nhiên nên cần chú ý khẩu phần và cách ăn trong tổng bữa. Nên ưu tiên trái cây nguyên miếng thay vì nước ép hoặc đồ uống trái cây có đường, vì dạng uống dễ làm nạp nhiều đường nhanh hơn và ít tạo cảm giác no. Câu trả lời này là bản nháp FAQ, cần kiểm tra lại theo khuyến nghị lâm sàng và thói quen ăn uống của từng người.",ada_eating_healthy,Eating Well & Managing Diabetes,https://diabetes.org/food-nutrition/eating-healthy,American Diabetes Association,Academic prototype draft. Text is paraphrased/summarized from the listed public health source; raw source is retained for traceability and the chunk requires human medical review.,needs_review,"No direct diagnosis, medication-stop instruction, or unsupported hard threshold detected by automated review; still requires human medical review.",,Source metadata is present and the chunk appears broadly aligned with its condition.,
rag_diabetes_004,diabetes,warning,vi,"Đồ uống có đường như nước ngọt, trà sữa, nước tăng lực, nước ép thêm đường hoặc cà phê pha nhiều sữa đặc có thể làm tăng lượng đường nạp vào rất nhanh mà người uống không nhận ra. Với người đái tháo đường, nhóm đồ uống này thường không giúp no lâu và có thể làm việc kiểm soát đường huyết khó hơn. Khi xây dựng gợi ý, hệ thống nên khuyến khích nước lọc hoặc lựa chọn ít đường, đồng thời tránh đưa ra lời cấm tuyệt đối nếu chưa có bối cảnh y khoa cá nhân.",ada_eating_healthy,Eating Well & Managing Diabetes,https://diabetes.org/food-nutrition/eating-healthy,American Diabetes Association,Academic prototype draft. Text is paraphrased/summarized from the listed public health source; raw source is retained for traceability and the chunk requires human medical review.,needs_review,"No direct diagnosis, medication-stop instruction, or unsupported hard threshold detected by automated review; still requires human medical review.",,Source metadata is present and the chunk appears broadly aligned with its condition.,
rag_diabetes_005,diabetes,lifestyle,vi,"Quản lý cân nặng là một phần của chăm sóc đái tháo đường type 2 đối với nhiều người, nhưng cách thực hiện nên bền vững và không cực đoan. Những thay đổi nhỏ như giảm đồ uống ngọt, tăng rau, chọn khẩu phần tinh bột hợp lý, đi bộ đều đặn và ngủ đủ có thể hỗ trợ kiểm soát năng lượng nạp vào. Người đang dùng thuốc hạ đường huyết cần hỏi nhân viên y tế trước khi thay đổi mạnh chế độ ăn hoặc luyện tập để tránh rủi ro không mong muốn.",cdc_diabetes_meal_planning,Diabetes Meal Planning,https://www.cdc.gov/diabetes/healthy-eating/diabetes-meal-planning.html,CDC,Academic prototype draft. Text is paraphrased/summarized from the listed public health source; raw source is retained for traceability and the chunk requires human medical review.,needs_review,"No direct diagnosis, medication-stop instruction, or unsupported hard threshold detected by automated review; still requires human medical review.",,Source metadata is present and the chunk appears broadly aligned with its condition.,
rag_prediabetes_001,prediabetes,explanation,vi,"Tiền đái tháo đường là giai đoạn cảnh báo rằng đường huyết đã cao hơn bình thường nhưng chưa nhất thiết là đái tháo đường type 2. Đây là thời điểm phù hợp để tập trung vào thay đổi lối sống như ăn uống lành mạnh hơn, vận động thường xuyên hơn, ngủ và quản lý căng thẳng tốt hơn. Mục tiêu của bản nháp này là giải thích hướng hành động chung, không thay thế xét nghiệm, chẩn đoán hay kế hoạch điều trị từ bác sĩ.",cdc_prediabetes_lifestyle_change,About the Lifestyle Change Program,https://www.cdc.gov/diabetes-prevention/lifestyle-change-program/lifestyle-change-program-details.html,CDC,Academic prototype draft. Text is paraphrased/summarized from the listed public health source; raw source is retained for traceability and the chunk requires human medical review.,needs_review,Mentions diagnosis without a clear enough safety caveat. Mentions diagnosis without a clear enough safety caveat. Mentions diagnosis without a clear enough safety caveat.,,Source metadata is present and the chunk appears broadly aligned with its condition.,diagnosis_risk
rag_prediabetes_002,prediabetes,lifestyle,vi,"Với người được nhắc có nguy cơ tiền đái tháo đường, hoạt động thể lực và quản lý cân nặng thường được xem là hai trụ cột quan trọng. Người dùng có thể bắt đầu bằng lựa chọn vừa sức như đi bộ, tăng vận động trong sinh hoạt, giảm thời gian ngồi lâu và điều chỉnh khẩu phần ăn hằng ngày. Hệ thống chỉ nên gợi ý bước nhỏ, thực tế, có thể duy trì; mọi mục tiêu cụ thể cần được kiểm tra bởi nhân viên y tế, nhất là khi người dùng có bệnh nền hoặc dùng thuốc.",cdc_prevent_type2_guide,About On Your Way to Preventing Type 2 Diabetes,https://www.cdc.gov/diabetes/prevention-type-2/type-2-diabetes-prevention-guide.html,CDC,Academic prototype draft. Text is paraphrased/summarized from the listed public health source; raw source is retained for traceability and the chunk requires human medical review.,needs_review,"No direct diagnosis, medication-stop instruction, or unsupported hard threshold detected by automated review; still requires human medical review.",,Source metadata is present and the chunk appears broadly aligned with its condition.,
rag_prediabetes_003,prediabetes,explanation,vi,"Mục tiêu khi phát hiện tiền đái tháo đường là giảm nguy cơ tiến triển thành đái tháo đường type 2 thông qua những thay đổi có thể duy trì lâu dài. Điều này thường gồm ăn nhiều thực phẩm ít chế biến hơn, chọn đồ uống ít đường, tăng vận động, theo dõi cân nặng phù hợp và tái khám theo hẹn. Đây là nội dung giáo dục sức khỏe ở mức tổng quát; không nên dùng để kết luận nguy cơ cá nhân nếu chưa có kết quả xét nghiệm và đánh giá của bác sĩ.",cdc_prevent_type2_guide,About On Your Way to Preventing Type 2 Diabetes,https://www.cdc.gov/diabetes/prevention-type-2/type-2-diabetes-prevention-guide.html,CDC,Academic prototype draft. Text is paraphrased/summarized from the listed public health source; raw source is retained for traceability and the chunk requires human medical review.,needs_review,"No direct diagnosis, medication-stop instruction, or unsupported hard threshold detected by automated review; still requires human medical review.",,Source metadata is present and the chunk appears broadly aligned with its condition.,
rag_hypertension_001,hypertension,explanation,vi,"Natri trong muối và nhiều thực phẩm chế biến sẵn có liên quan đến huyết áp vì có thể làm cơ thể giữ nước nhiều hơn, từ đó tạo thêm áp lực lên hệ mạch. Với người tăng huyết áp, giảm vị mặn tổng thể trong khẩu phần là một hướng thường được khuyến nghị cùng với theo dõi huyết áp, vận động và dùng thuốc nếu được kê. Bản nháp này tránh nêu ngưỡng điều trị cụ thể; chuyên gia cần rà soát trước khi đưa vào câu trả lời RAG.",cdc_sodium_health,About Sodium and Health,https://www.cdc.gov/salt/about/index.html,CDC,Academic prototype draft. Text is paraphrased/summarized from the listed public health source; raw source is retained for traceability and the chunk requires human medical review.,needs_review,"No direct diagnosis, medication-stop instruction, or unsupported hard threshold detected by automated review; still requires human medical review.",,Source metadata is present and the chunk appears broadly aligned with its condition.,
rag_hypertension_002,hypertension,warning,vi,"Một phần lớn natri có thể đến từ thực phẩm đóng gói, đồ hộp, thịt chế biến, mì ăn liền, đồ ăn nhanh, snack mặn và các món đã nêm sẵn chứ không chỉ từ hũ muối trên bàn. Người bị tăng huyết áp nên được nhắc đọc nhãn dinh dưỡng, chú ý khẩu phần và giảm dần các lựa chọn quá mặn. Đây là cảnh báo dinh dưỡng chung, không phải chỉ định điều trị; người dùng có bệnh thận, tim mạch hoặc đang dùng thuốc cần hỏi bác sĩ về mức phù hợp.",aha_shaking_salt_habit,Shaking the Salt Habit to Lower High Blood Pressure,https://www.heart.org/en/health-topics/high-blood-pressure/changes-you-can-make-to-manage-high-blood-pressure/shaking-the-salt-habit-to-lower-high-blood-pressure,American Heart Association,Academic prototype draft. Text is paraphrased/summarized from the listed public health source; raw source is retained for traceability and the chunk requires human medical review.,needs_review,"No direct diagnosis, medication-stop instruction, or unsupported hard threshold detected by automated review; still requires human medical review.",Contains Vietnamese food/local habit examples; wording is plausible but requires human localization review. Contains Vietnamese food/local habit examples; wording is plausible but requires human localization review. Contains Vietnamese food/local habit examples; wording is plausible but requires human localization review.,Source metadata is present and the chunk appears broadly aligned with its condition.,
rag_hypertension_003,hypertension,faq,vi,"Vì sao cần bớt muối khi huyết áp cao? Lý do chính là ăn mặn thường làm lượng natri trong khẩu phần tăng, và điều này có thể khiến cơ thể giữ nước, làm huyết áp khó kiểm soát hơn. Giảm muối không chỉ là nêm nhạt hơn, mà còn là chọn thực phẩm ít chế biến, hạn chế đồ chấm mặn và thử dùng gia vị tạo mùi như hành, tỏi, tiêu, chanh hoặc rau thơm. Câu trả lời này cần được rà soát để phù hợp với khuyến nghị y khoa hiện hành.",aha_sodium_per_day,How Much Sodium Should I Eat Per Day?,https://www.heart.org/en/healthy-living/healthy-eating/eat-smart/sodium/how-much-sodium-should-i-eat-per-day,American Heart Association,Academic prototype draft. Text is paraphrased/summarized from the listed public health source; raw source is retained for traceability and the chunk requires human medical review.,needs_review,"No direct diagnosis, medication-stop instruction, or unsupported hard threshold detected by automated review; still requires human medical review.",,Source metadata is present and the chunk appears broadly aligned with its condition.,
rag_hypertension_004,hypertension,lifestyle,vi,"Trong bữa ăn Việt, nước mắm, nước tương, mắm tôm, mắm nêm, dưa cà muối, đồ kho mặn và các gói gia vị có thể làm tổng lượng muối tăng nhanh dù mỗi lần dùng chỉ một ít. Gợi ý an toàn ở mức giáo dục là giảm dần lượng chấm, pha loãng nước chấm, nêm nhạt từ lúc nấu và tăng vị bằng rau thơm hoặc vị chua tự nhiên. Nội dung này có yếu tố bản địa hóa, vì vậy phải giữ review_status là needs_review để chuyên gia Việt Nam kiểm tra.",aha_shaking_salt_habit,Shaking the Salt Habit to Lower High Blood Pressure,https://www.heart.org/en/health-topics/high-blood-pressure/changes-you-can-make-to-manage-high-blood-pressure/shaking-the-salt-habit-to-lower-high-blood-pressure,American Heart Association,Academic prototype draft. Text is paraphrased/summarized from the listed public health source; raw source is retained for traceability and the chunk requires human medical review.,needs_review,"No direct diagnosis, medication-stop instruction, or unsupported hard threshold detected by automated review; still requires human medical review.",Contains Vietnamese food/local habit examples; wording is plausible but requires human localization review. Contains Vietnamese food/local habit examples; wording is plausible but requires human localization review. Contains Vietnamese food/local habit examples; wording is plausible but requires human localization review.,Source metadata is present and the chunk appears broadly aligned with its condition.,localization_needs_review
rag_gout_001,gout,explanation,vi,"Gout liên quan đến tình trạng acid uric trong máu tăng và hình thành tinh thể tại khớp, gây các đợt đau, sưng, nóng, đỏ, thường xuất hiện đột ngột. Dinh dưỡng không phải là yếu tố duy nhất, nhưng lựa chọn ăn uống có thể góp phần làm cơn gout dễ bùng phát hơn hoặc khó kiểm soát hơn ở một số người. Bản nháp này chỉ giải thích cơ chế chung, không dùng để chẩn đoán đau khớp hay thay thế xét nghiệm acid uric và đánh giá của bác sĩ.",medlineplus_gout,Gout,https://medlineplus.gov/gout.html,NIH MedlinePlus,Academic prototype draft. Text is paraphrased/summarized from the listed public health source; raw source is retained for traceability and the chunk requires human medical review.,needs_review,"No direct diagnosis, medication-stop instruction, or unsupported hard threshold detected by automated review; still requires human medical review.",,Source metadata is present and the chunk appears broadly aligned with its condition.,
rag_gout_002,gout,warning,vi,"Một số thực phẩm giàu purine có thể làm tăng acid uric sau khi chuyển hóa, vì vậy người bị gout thường cần thận trọng với nội tạng, một số loại thịt đỏ, nước hầm đậm đặc và vài loại hải sản. Tuy nhiên, mức độ hạn chế nên dựa trên tình trạng bệnh, thuốc đang dùng và tư vấn của bác sĩ hoặc chuyên gia dinh dưỡng. Không nên biến cảnh báo này thành danh sách cấm tuyệt đối cho mọi người nếu chưa có đánh giá cá nhân.",medlineplus_gout_encyclopedia,Gout Medical Encyclopedia,https://medlineplus.gov/ency/article/000422.htm,NIH MedlinePlus,Academic prototype draft. Text is paraphrased/summarized from the listed public health source; raw source is retained for traceability and the chunk requires human medical review.,needs_review,"No direct diagnosis, medication-stop instruction, or unsupported hard threshold detected by automated review; still requires human medical review.",Contains Vietnamese food/local habit examples; wording is plausible but requires human localization review. Contains Vietnamese food/local habit examples; wording is plausible but requires human localization review. Contains Vietnamese food/local habit examples; wording is plausible but requires human localization review.,Source metadata is present and the chunk appears broadly aligned with its condition.,localization_needs_review
rag_gout_003,gout,warning,vi,"Rượu bia có thể là yếu tố làm cơn gout dễ xuất hiện hơn ở một số người, đặc biệt khi đi kèm ăn nhiều món giàu purine hoặc uống ít nước. Khi người dùng hỏi về gout, hệ thống nên nhắc rằng giảm hoặc tránh bia rượu là một điểm cần trao đổi nghiêm túc với bác sĩ, nhất là nếu đã có cơn đau khớp tái phát. Đây là cảnh báo tổng quát cần review, không phải lời khẳng định rằng mọi trường hợp đều có cùng mức nguy cơ.",medlineplus_gout,Gout,https://medlineplus.gov/gout.html,NIH MedlinePlus,Academic prototype draft. Text is paraphrased/summarized from the listed public health source; raw source is retained for traceability and the chunk requires human medical review.,needs_review,"No direct diagnosis, medication-stop instruction, or unsupported hard threshold detected by automated review; still requires human medical review.",,Source metadata is present and the chunk appears broadly aligned with its condition.,
rag_gout_004,gout,explanation,vi,"Thận đóng vai trò quan trọng trong việc đào thải acid uric, nên gout và vấn đề thận có thể liên quan với nhau trong một số tình huống. Người có acid uric cao, đau khớp tái phát, sỏi thận hoặc bệnh thận mạn cần được theo dõi bởi nhân viên y tế thay vì chỉ tự điều chỉnh thực đơn. Nội dung này nên giúp hệ thống nhận diện nhu cầu tư vấn an toàn: khuyến khích khám, xét nghiệm và không tự ý ngừng thuốc gout nếu đang được kê.",medlineplus_uric_acid_blood,Uric Acid Blood,https://medlineplus.gov/ency/article/003476.htm,NIH MedlinePlus,Academic prototype draft. Text is paraphrased/summarized from the listed public health source; raw source is retained for traceability and the chunk requires human medical review.,needs_review,"No direct diagnosis, medication-stop instruction, or unsupported hard threshold detected by automated review; still requires human medical review.",,Source metadata is present and the chunk appears broadly aligned with its condition.,
rag_gout_005,gout,faq,vi,"Người bị gout có ăn hải sản được không? Câu trả lời nên thận trọng: một số hải sản có thể chứa nhiều purine hơn và không phù hợp nếu người dùng đang có cơn gout hoặc acid uric chưa kiểm soát tốt. Tuy vậy, không nên đưa ra lệnh cấm chung cho mọi loại hải sản và mọi người bệnh. Hệ thống nên gợi ý hỏi bác sĩ hoặc chuyên gia dinh dưỡng về loại, lượng và tần suất phù hợp với tình trạng cụ thể.",medlineplus_gout_encyclopedia,Gout Medical Encyclopedia,https://medlineplus.gov/ency/article/000422.htm,NIH MedlinePlus,Academic prototype draft. Text is paraphrased/summarized from the listed public health source; raw source is retained for traceability and the chunk requires human medical review.,needs_review,"No direct diagnosis, medication-stop instruction, or unsupported hard threshold detected by automated review; still requires human medical review.",Contains Vietnamese food/local habit examples; wording is plausible but requires human localization review. Contains Vietnamese food/local habit examples; wording is plausible but requires human localization review. Contains Vietnamese food/local habit examples; wording is plausible but requires human localization review.,Source metadata is present and the chunk appears broadly aligned with its condition.,localization_needs_review
rag_ckd_001,chronic_kidney_disease,explanation,vi,"Trong bệnh thận mạn, chế độ ăn thường cần chú ý đến huyết áp, lượng muối, tình trạng giữ nước và kết quả xét nghiệm. Giảm natri có thể hỗ trợ kiểm soát huyết áp và phù ở một số người, nhưng nhu cầu chất lỏng không giống nhau giữa các giai đoạn bệnh. Vì vậy, nội dung RAG nên dùng cách nói thận trọng: người bệnh cần theo hướng dẫn của bác sĩ hoặc chuyên gia dinh dưỡng thận học thay vì tự đặt giới hạn cứng cho nước uống hay muối.",nkf_nutrition_ckd_stages_1_5,Nutrition and Kidney Disease Stages 1-5,https://www.kidney.org/kidney-topics/nutrition-and-kidney-disease-stages-1-5-not-dialysis,National Kidney Foundation,Academic prototype draft. Text is paraphrased/summarized from the listed public health source; raw source is retained for traceability and the chunk requires human medical review.,needs_review,"No direct diagnosis, medication-stop instruction, or unsupported hard threshold detected by automated review; still requires human medical review.",,Source metadata is present and the chunk appears broadly aligned with its condition.,
rag_ckd_002,chronic_kidney_disease,explanation,vi,"Kali là khoáng chất có trong nhiều thực phẩm như trái cây, rau, đậu và một số sản phẩm chế biến. Với bệnh thận mạn, cơ thể có thể khó giữ kali ở mức phù hợp nếu chức năng thận giảm, nhưng không phải ai cũng cần kiêng kali giống nhau. Hệ thống nên khuyến khích người dùng dựa vào xét nghiệm máu và tư vấn chuyên môn trước khi kiêng chuối, cam, khoai hay rau xanh, vì hạn chế sai cách có thể làm bữa ăn nghèo dinh dưỡng.",nkf_potassium_ckd_diet,Potassium in Your CKD Diet,https://www.kidney.org/kidney-topics/potassium-your-ckd-diet,National Kidney Foundation,Academic prototype draft. Text is paraphrased/summarized from the listed public health source; raw source is retained for traceability and the chunk requires human medical review.,needs_review,"No direct diagnosis, medication-stop instruction, or unsupported hard threshold detected by automated review; still requires human medical review.",Contains Vietnamese food/local habit examples; wording is plausible but requires human localization review. Contains Vietnamese food/local habit examples; wording is plausible but requires human localization review. Contains Vietnamese food/local habit examples; wording is plausible but requires human localization review.,Source metadata is present and the chunk appears broadly aligned with its condition.,localization_needs_review
rag_ckd_003,chronic_kidney_disease,explanation,vi,"Phosphorus là khoáng chất có trong nhiều thực phẩm tự nhiên và cũng có thể xuất hiện dưới dạng phụ gia trong đồ chế biến sẵn. Khi bệnh thận mạn tiến triển, việc kiểm soát phosphorus có thể trở thành một phần của kế hoạch dinh dưỡng, nhưng mức cần hạn chế phụ thuộc vào xét nghiệm, giai đoạn bệnh và điều trị. Nội dung nháp nên nhắc người dùng đọc nhãn thực phẩm và hỏi chuyên gia, tránh tự cắt bỏ nhiều nhóm thức ăn khi chưa được hướng dẫn.",medlineplus_ckd_diet,Diet - Chronic Kidney Disease,https://medlineplus.gov/ency/article/002442.htm,NIH MedlinePlus,Academic prototype draft. Text is paraphrased/summarized from the listed public health source; raw source is retained for traceability and the chunk requires human medical review.,needs_review,"No direct diagnosis, medication-stop instruction, or unsupported hard threshold detected by automated review; still requires human medical review.",,Source metadata is present and the chunk appears broadly aligned with its condition.,
rag_ckd_004,chronic_kidney_disease,lifestyle,vi,"Nhu cầu protein ở người bệnh thận mạn không cố định cho tất cả mọi người. Một số người chưa lọc máu có thể cần điều chỉnh lượng protein để giảm gánh nặng cho thận, trong khi người đang lọc máu hoặc có tình trạng khác có thể có nhu cầu khác. Vì vậy, hệ thống không nên khuyên tự giảm thịt, cá, trứng, sữa quá mạnh. Câu trả lời an toàn là cần cá nhân hóa theo giai đoạn bệnh, cân nặng, xét nghiệm và hướng dẫn từ đội ngũ điều trị.",nkf_nutrition_ckd_stages_1_5,Nutrition and Kidney Disease Stages 1-5,https://www.kidney.org/kidney-topics/nutrition-and-kidney-disease-stages-1-5-not-dialysis,National Kidney Foundation,Academic prototype draft. Text is paraphrased/summarized from the listed public health source; raw source is retained for traceability and the chunk requires human medical review.,needs_review,"No direct diagnosis, medication-stop instruction, or unsupported hard threshold detected by automated review; still requires human medical review.",,Source metadata is present and the chunk appears broadly aligned with its condition.,
rag_ckd_005,chronic_kidney_disease,warning,vi,"Cảnh báo quan trọng cho bệnh thận mạn: không nên tự kiêng quá nhiều thực phẩm chỉ dựa trên lời truyền miệng hoặc một chỉ số đơn lẻ. Kiêng kali, phosphorus, protein, muối hoặc nước không đúng cách có thể làm bữa ăn thiếu chất, giảm chất lượng sống hoặc không phù hợp với thuốc và giai đoạn bệnh. Mọi gợi ý từ hệ thống phải được xem là thông tin giáo dục, cần bác sĩ hoặc chuyên gia dinh dưỡng thận học rà soát trước khi áp dụng.",medlineplus_ckd_diet,Diet - Chronic Kidney Disease,https://medlineplus.gov/ency/article/002442.htm,NIH MedlinePlus,Academic prototype draft. Text is paraphrased/summarized from the listed public health source; raw source is retained for traceability and the chunk requires human medical review.,needs_review,"No direct diagnosis, medication-stop instruction, or unsupported hard threshold detected by automated review; still requires human medical review.",Contains Vietnamese food/local habit examples; wording is plausible but requires human localization review. Contains Vietnamese food/local habit examples; wording is plausible but requires human localization review. Contains Vietnamese food/local habit examples; wording is plausible but requires human localization review.,Source metadata is present and the chunk appears broadly aligned with its condition.,
rag_obesity_001,obesity,explanation,vi,"Thừa cân và béo phì thường liên quan đến cân bằng năng lượng trong thời gian dài: năng lượng nạp vào từ ăn uống cao hơn năng lượng cơ thể sử dụng. Tuy nhiên, cân nặng còn chịu ảnh hưởng bởi giấc ngủ, stress, môi trường sống, thuốc, bệnh nền và khả năng vận động. Vì vậy, hệ thống nên giải thích bằng giọng không phán xét, tập trung vào thay đổi bền vững thay vì đổ lỗi cá nhân hoặc hứa hẹn giảm cân nhanh.",medlineplus_obesity,Obesity,https://medlineplus.gov/obesity.html,NIH MedlinePlus,Academic prototype draft. Text is paraphrased/summarized from the listed public health source; raw source is retained for traceability and the chunk requires human medical review.,needs_review,"No direct diagnosis, medication-stop instruction, or unsupported hard threshold detected by automated review; still requires human medical review.",,Source metadata is present and the chunk appears broadly aligned with its condition.,
rag_obesity_002,obesity,lifestyle,vi,"Quản lý cân nặng nên bắt đầu bằng kế hoạch nhỏ và có thể duy trì: đặt mục tiêu thực tế, theo dõi thói quen ăn uống, tăng vận động phù hợp, ngủ đủ hơn và chuẩn bị môi trường ăn uống lành mạnh hơn. Những thay đổi dần dần thường dễ giữ lâu hơn so với chế độ quá khắt khe. Nội dung này là bản nháp giáo dục sức khỏe, cần được chuyên gia kiểm tra trước khi dùng cho người có bệnh nền, rối loạn ăn uống hoặc đang dùng thuốc.",cdc_steps_losing_weight,Steps for Losing Weight,https://www.cdc.gov/healthy-weight-growth/losing-weight/index.html,CDC,Academic prototype draft. Text is paraphrased/summarized from the listed public health source; raw source is retained for traceability and the chunk requires human medical review.,needs_review,"No direct diagnosis, medication-stop instruction, or unsupported hard threshold detected by automated review; still requires human medical review.",,Source metadata is present and the chunk appears broadly aligned with its condition.,
rag_obesity_003,obesity,lifestyle,vi,"Một đĩa ăn hỗ trợ kiểm soát cân nặng thường ưu tiên rau, trái cây nguyên dạng, ngũ cốc hoặc tinh bột phù hợp khẩu phần, thực phẩm giàu đạm và chất béo có lợi. Chất xơ và protein có thể giúp no lâu hơn, từ đó giảm nhu cầu ăn vặt nhiều năng lượng. Khi bản địa hóa cho bữa Việt, có thể gợi ý tăng rau, chọn món luộc/hấp, giảm nước chấm ngọt mặn và kiểm soát khẩu phần cơm, nhưng cần review để tránh đơn giản hóa quá mức.",cdc_healthy_eating_weight,Tips for Healthy Eating for a Healthy Weight,https://www.cdc.gov/healthy-weight-growth/healthy-eating/index.html,CDC,Academic prototype draft. Text is paraphrased/summarized from the listed public health source; raw source is retained for traceability and the chunk requires human medical review.,needs_review,"No direct diagnosis, medication-stop instruction, or unsupported hard threshold detected by automated review; still requires human medical review.",Contains Vietnamese food/local habit examples; wording is plausible but requires human localization review. Contains Vietnamese food/local habit examples; wording is plausible but requires human localization review. Contains Vietnamese food/local habit examples; wording is plausible but requires human localization review.,Source metadata is present and the chunk appears broadly aligned with its condition.,
rag_obesity_004,obesity,warning,vi,"Không nên khuyến khích chế độ ăn cực đoan, nhịn ăn kéo dài, thuốc giảm cân không rõ nguồn gốc hoặc mẹo giảm cân nhanh chưa được kiểm chứng. Những cách này có thể gây thiếu chất, mệt mỏi, rối loạn ăn uống hoặc tương tác với bệnh nền và thuốc đang dùng. Hệ thống nên hướng người dùng đến kế hoạch an toàn, theo dõi tiến triển và hỏi nhân viên y tế nếu cân nặng đi kèm triệu chứng bất thường hoặc bệnh mạn tính.",medlineplus_obesity,Obesity,https://medlineplus.gov/obesity.html,NIH MedlinePlus,Academic prototype draft. Text is paraphrased/summarized from the listed public health source; raw source is retained for traceability and the chunk requires human medical review.,needs_review,"No direct diagnosis, medication-stop instruction, or unsupported hard threshold detected by automated review; still requires human medical review.",,Source metadata is present and the chunk appears broadly aligned with its condition.,
expanded_diabetes_001,diabetes,lifestyle,vi,"Rau không tinh bột là phần hữu ích trong bữa ăn của người đái tháo đường vì giúp bữa ăn có nhiều thể tích, chất xơ và vi chất hơn mà không làm phần carbohydrate tăng quá nhanh. Khi gợi ý món Việt, hệ thống có thể nhắc rau luộc, canh rau, rau xào ít dầu hoặc salad đơn giản, đồng thời vẫn cần nhìn cả bữa gồm cơm, bún, thịt cá và nước chấm. Đây là thông tin giáo dục, không phải thực đơn cá nhân hóa.",ada_meal_planning,ADA Meal Planning,https://diabetes.org/food-nutrition/meal-planning,American Diabetes Association,Academic prototype draft. Text is paraphrased/summarized from the listed public health source; raw source is retained for traceability and the chunk requires human medical review.,needs_review,Chunk mở rộng do script tạo; cần bác sĩ/chuyên gia dinh dưỡng rà soát trước khi embedding hoặc demo.,Có ví dụ thực phẩm/thói quen ăn uống Việt Nam; cần chuyên gia Việt Nam xác nhận tính phù hợp và sắc thái diễn đạt. Contains Vietnamese food/local habit examples; wording is plausible but requires human localization review. Contains Vietnamese food/local habit examples; wording is plausible but requires human localization review.,Dựa trên nguồn American Diabetes Association - ADA Meal Planning; chủ đề diễn giải: non-starchy vegetables. Không sao chép nguyên văn nguồn.,needs_manual_medical_review;localization_needs_review
expanded_diabetes_002,diabetes,lifestyle,vi,"Thực phẩm giàu đạm như cá, thịt nạc, trứng, đậu phụ hoặc sữa phù hợp có thể giúp bữa ăn no hơn và cân bằng hơn cho người đái tháo đường. Đạm không nên được hiểu là cách thay thế hoàn toàn tinh bột, vì tổng bữa vẫn cần phù hợp với thuốc, hoạt động và mục tiêu đường huyết. Chunk này chỉ gợi ý cấu trúc bữa ăn an toàn ở mức chung và cần chuyên gia xem lại theo từng người.",ada_eating_healthy,Eating Well & Managing Diabetes,https://diabetes.org/food-nutrition/eating-healthy,American Diabetes Association,Academic prototype draft. Text is paraphrased/summarized from the listed public health source; raw source is retained for traceability and the chunk requires human medical review.,needs_review,Chunk mở rộng do script tạo; cần bác sĩ/chuyên gia dinh dưỡng rà soát trước khi embedding hoặc demo.,,Dựa trên nguồn American Diabetes Association - Eating Well & Managing Diabetes; chủ đề diễn giải: protein and satiety. Không sao chép nguyên văn nguồn.,needs_manual_medical_review
expanded_diabetes_003,diabetes,faq,vi,"Người đái tháo đường có cần bỏ cơm, bún hoặc phở không? Câu trả lời an toàn là không nên tự cấm tuyệt đối một nhóm thực phẩm quen thuộc nếu chưa có tư vấn cá nhân. Cơm, bún, phở và mì đều có thể góp carbohydrate vào bữa ăn, nên điểm cần chú ý là khẩu phần, cách ăn kèm rau và đạm, và theo dõi đáp ứng đường huyết. Ví dụ Việt Nam trong chunk này cần được rà soát trước khi dùng rộng rãi.",cdc_diabetes_meal_planning,Diabetes Meal Planning,https://www.cdc.gov/diabetes/healthy-eating/diabetes-meal-planning.html,CDC,Academic prototype draft. Text is paraphrased/summarized from the listed public health source; raw source is retained for traceability and the chunk requires human medical review.,needs_review,Chunk mở rộng do script tạo; cần bác sĩ/chuyên gia dinh dưỡng rà soát trước khi embedding hoặc demo.,Có ví dụ thực phẩm/thói quen ăn uống Việt Nam; cần chuyên gia Việt Nam xác nhận tính phù hợp và sắc thái diễn đạt. Contains Vietnamese food/local habit examples; wording is plausible but requires human localization review. Contains Vietnamese food/local habit examples; wording is plausible but requires human localization review.,Dựa trên nguồn CDC - Diabetes Meal Planning; chủ đề diễn giải: rice and noodle portions. Không sao chép nguyên văn nguồn.,needs_manual_medical_review;localization_needs_review
expanded_diabetes_004,diabetes,explanation,vi,"Nguồn carbohydrate khác nhau có thể làm người dùng no và kiểm soát bữa ăn khác nhau. Thực phẩm ít tinh chế hơn, có thêm chất xơ như ngũ cốc nguyên hạt hoặc tinh bột ăn kèm nhiều rau thường phù hợp hơn đồ ngọt và tinh bột tinh chế, nhưng người đái tháo đường vẫn cần chú ý khẩu phần. Không nên diễn giải thành quy tắc rằng cứ nguyên hạt là ăn không giới hạn, vì tổng lượng carbohydrate vẫn quan trọng.",ada_understanding_carbs,Understanding Carbs,https://diabetes.org/food-nutrition/understanding-carbs,American Diabetes Association,Academic prototype draft. Text is paraphrased/summarized from the listed public health source; raw source is retained for traceability and the chunk requires human medical review.,needs_review,Chunk mở rộng do script tạo; cần bác sĩ/chuyên gia dinh dưỡng rà soát trước khi embedding hoặc demo.,,Dựa trên nguồn American Diabetes Association - Understanding Carbs; chủ đề diễn giải: whole grains and refined carbohydrates. Không sao chép nguyên văn nguồn.,needs_manual_medical_review
expanded_diabetes_005,diabetes,lifestyle,vi,"Sự đều đặn trong bữa ăn có thể giúp người đái tháo đường dễ quan sát phản ứng đường huyết hơn, nhất là khi đang dùng thuốc hoặc có lịch vận động cố định. Điều này không có nghĩa mọi người phải ăn theo một giờ giống nhau, mà nên tránh thay đổi quá thất thường như bỏ bữa rồi ăn bù rất nhiều. Nếu người dùng hay hạ đường huyết, đói bất thường hoặc thay đổi lịch ăn lớn, hệ thống nên khuyến khích hỏi nhân viên y tế.",ada_meal_planning,ADA Meal Planning,https://diabetes.org/food-nutrition/meal-planning,American Diabetes Association,Academic prototype draft. Text is paraphrased/summarized from the listed public health source; raw source is retained for traceability and the chunk requires human medical review.,needs_review,Chunk mở rộng do script tạo; cần bác sĩ/chuyên gia dinh dưỡng rà soát trước khi embedding hoặc demo.,,Dựa trên nguồn American Diabetes Association - ADA Meal Planning; chủ đề diễn giải: meal timing consistency. Không sao chép nguyên văn nguồn.,needs_manual_medical_review
expanded_diabetes_006,diabetes,faq,vi,"Ăn vặt khi bị đái tháo đường nên được xem trong tổng kế hoạch bữa ăn chứ không chỉ là món riêng lẻ. Một lựa chọn ăn vặt phù hợp thường nên ít đường thêm, có thể có chất xơ hoặc đạm để no hơn, và không làm người dùng vô tình nạp nhiều carbohydrate. Nếu người dùng đang dùng insulin hoặc thuốc có nguy cơ hạ đường huyết, câu trả lời phải thận trọng và hướng họ hỏi bác sĩ về bữa phụ an toàn.",ada_eating_healthy,Eating Well & Managing Diabetes,https://diabetes.org/food-nutrition/eating-healthy,American Diabetes Association,Academic prototype draft. Text is paraphrased/summarized from the listed public health source; raw source is retained for traceability and the chunk requires human medical review.,needs_review,Chunk mở rộng do script tạo; cần bác sĩ/chuyên gia dinh dưỡng rà soát trước khi embedding hoặc demo.,,Dựa trên nguồn American Diabetes Association - Eating Well & Managing Diabetes; chủ đề diễn giải: snacks and blood glucose. Không sao chép nguyên văn nguồn.,needs_manual_medical_review
expanded_diabetes_007,diabetes,lifestyle,vi,"Hoạt động thể lực là một phần hỗ trợ kiểm soát đái tháo đường vì cơ thể sử dụng năng lượng và có thể đáp ứng tốt hơn với glucose. Tuy vậy, mức vận động cần phù hợp với tuổi, bệnh nền, thuốc và nguy cơ hạ đường huyết. Hệ thống chỉ nên gợi ý các bước nhẹ nhàng như đi bộ hoặc vận động đều hơn trong ngày, đồng thời nhắc người dùng hỏi nhân viên y tế nếu có biến chứng, đau ngực, chóng mặt hoặc đang đổi thuốc.",cdc_diabetes_meal_planning,Diabetes Meal Planning,https://www.cdc.gov/diabetes/healthy-eating/diabetes-meal-planning.html,CDC,Academic prototype draft. Text is paraphrased/summarized from the listed public health source; raw source is retained for traceability and the chunk requires human medical review.,needs_review,Chunk mở rộng do script tạo; cần bác sĩ/chuyên gia dinh dưỡng rà soát trước khi embedding hoặc demo.,,Dựa trên nguồn CDC - Diabetes Meal Planning; chủ đề diễn giải: physical activity and blood glucose. Không sao chép nguyên văn nguồn.,needs_manual_medical_review
expanded_diabetes_008,diabetes,warning,vi,"Không nên biến việc kiểm soát carbohydrate thành lời khuyên cắt bỏ hoàn toàn tinh bột cho mọi người đái tháo đường. Cắt giảm quá cực đoan có thể làm bữa ăn khó duy trì, thiếu chất hoặc không phù hợp với thuốc hạ đường huyết. Cách nói an toàn hơn là hiểu nguồn carbohydrate, chọn khẩu phần hợp lý và theo dõi đường huyết theo hướng dẫn. Mọi thay đổi lớn nên được trao đổi với bác sĩ hoặc chuyên gia dinh dưỡng.",ada_understanding_carbs,Understanding Carbs,https://diabetes.org/food-nutrition/understanding-carbs,American Diabetes Association,Academic prototype draft. Text is paraphrased/summarized from the listed public health source; raw source is retained for traceability and the chunk requires human medical review.,needs_review,Chunk mở rộng do script tạo; cần bác sĩ/chuyên gia dinh dưỡng rà soát trước khi embedding hoặc demo.,,Dựa trên nguồn American Diabetes Association - Understanding Carbs; chủ đề diễn giải: extreme carb elimination warning. Không sao chép nguyên văn nguồn.,needs_manual_medical_review
expanded_diabetes_009,diabetes,lifestyle,vi,"Đọc nhãn dinh dưỡng có thể giúp người đái tháo đường nhận ra lượng carbohydrate, đường thêm và khẩu phần thực tế của thực phẩm đóng gói. Một gói bánh, ngũ cốc ăn sáng hoặc đồ uống có thể chứa nhiều khẩu phần hơn người dùng tưởng, nên chỉ nhìn mặt trước bao bì là chưa đủ. Chunk này nên dùng để khuyến khích thói quen đọc nhãn, không dùng để đưa ra ngưỡng y khoa cứng nếu chưa có nguồn và bối cảnh cá nhân.",cdc_diabetes_meal_planning,Diabetes Meal Planning,https://www.cdc.gov/diabetes/healthy-eating/diabetes-meal-planning.html,CDC,Academic prototype draft. Text is paraphrased/summarized from the listed public health source; raw source is retained for traceability and the chunk requires human medical review.,needs_review,Chunk mở rộng do script tạo; cần bác sĩ/chuyên gia dinh dưỡng rà soát trước khi embedding hoặc demo.,,Dựa trên nguồn CDC - Diabetes Meal Planning; chủ đề diễn giải: label reading for diabetes. Không sao chép nguyên văn nguồn.,needs_manual_medical_review
expanded_diabetes_010,diabetes,warning,vi,"Người đái tháo đường nên hỏi bác sĩ hoặc chuyên gia dinh dưỡng khi muốn thay đổi mạnh chế độ ăn, giảm cân nhanh, bỏ bữa, tập luyện cường độ cao hoặc có đường huyết dao động khó hiểu. Những quyết định này có thể liên quan đến thuốc, nguy cơ hạ đường huyết và bệnh kèm theo. Hệ thống RAG nên ưu tiên vai trò giáo dục, nhắc người dùng mang nhật ký ăn uống và đường huyết khi đi khám để được tư vấn cụ thể hơn.",ada_eating_healthy,Eating Well & Managing Diabetes,https://diabetes.org/food-nutrition/eating-healthy,American Diabetes Association,Academic prototype draft. Text is paraphrased/summarized from the listed public health source; raw source is retained for traceability and the chunk requires human medical review.,needs_review,Chunk mở rộng do script tạo; cần bác sĩ/chuyên gia dinh dưỡng rà soát trước khi embedding hoặc demo.,,Dựa trên nguồn American Diabetes Association - Eating Well & Managing Diabetes; chủ đề diễn giải: when to consult clinician. Không sao chép nguyên văn nguồn.,needs_manual_medical_review
expanded_prediabetes_001,prediabetes,lifestyle,vi,"Quản lý cân nặng trong tiền đái tháo đường nên được hiểu là quá trình điều chỉnh thói quen chứ không phải giảm cân cấp tốc. Các bước như giảm đồ uống ngọt, tăng rau, chọn khẩu phần tinh bột vừa phải và vận động đều có thể giúp người dùng xây dựng nền tảng tốt hơn. Hệ thống cần tránh hứa hẹn đảo ngược nguy cơ cho mọi người, vì kết quả phụ thuộc xét nghiệm, cân nặng, thuốc, giấc ngủ và mức duy trì thay đổi.",cdc_prediabetes_lifestyle_change,About the Lifestyle Change Program,https://www.cdc.gov/diabetes-prevention/lifestyle-change-program/lifestyle-change-program-details.html,CDC,Academic prototype draft. Text is paraphrased/summarized from the listed public health source; raw source is retained for traceability and the chunk requires human medical review.,needs_review,Chunk mở rộng do script tạo; cần bác sĩ/chuyên gia dinh dưỡng rà soát trước khi embedding hoặc demo.,,Dựa trên nguồn CDC - About the Lifestyle Change Program; chủ đề diễn giải: weight management. Không sao chép nguyên văn nguồn.,needs_manual_medical_review
expanded_prediabetes_002,prediabetes,lifestyle,vi,"Đồ uống ngọt là điểm khởi đầu dễ quan sát trong phòng ngừa đái tháo đường type 2 vì chúng có thể thêm đường và năng lượng mà không làm no lâu. Người tiền đái tháo đường có thể thử giảm dần trà sữa, nước ngọt, nước ép thêm đường hoặc cà phê nhiều sữa đặc, thay bằng nước lọc hoặc đồ uống ít đường hơn. Đây là gợi ý lối sống chung và cần cá nhân hóa nếu người dùng có bệnh nền khác.",cdc_prevent_type2_guide,About On Your Way to Preventing Type 2 Diabetes,https://www.cdc.gov/diabetes/prevention-type-2/type-2-diabetes-prevention-guide.html,CDC,Academic prototype draft. Text is paraphrased/summarized from the listed public health source; raw source is retained for traceability and the chunk requires human medical review.,needs_review,Chunk mở rộng do script tạo; cần bác sĩ/chuyên gia dinh dưỡng rà soát trước khi embedding hoặc demo.,,Dựa trên nguồn CDC - About On Your Way to Preventing Type 2 Diabetes; chủ đề diễn giải: reducing sugary drinks. Không sao chép nguyên văn nguồn.,needs_manual_medical_review
expanded_prediabetes_003,prediabetes,lifestyle,vi,"Bữa ăn giàu chất xơ hơn có thể hỗ trợ người tiền đái tháo đường kiểm soát cảm giác no và giảm phụ thuộc vào đồ ăn ngọt, tinh chế. Nguồn chất xơ thường đến từ rau, trái cây nguyên miếng, đậu và một số ngũ cốc ít tinh chế. Hệ thống nên diễn giải theo hướng tăng dần thực phẩm ít chế biến, không nên biến thành quy tắc cứng hoặc khuyên dùng thực phẩm bổ sung khi chưa có tư vấn chuyên môn.",cdc_prevent_type2_guide,About On Your Way to Preventing Type 2 Diabetes,https://www.cdc.gov/diabetes/prevention-type-2/type-2-diabetes-prevention-guide.html,CDC,Academic prototype draft. Text is paraphrased/summarized from the listed public health source; raw source is retained for traceability and the chunk requires human medical review.,needs_review,Chunk mở rộng do script tạo; cần bác sĩ/chuyên gia dinh dưỡng rà soát trước khi embedding hoặc demo.,,Dựa trên nguồn CDC - About On Your Way to Preventing Type 2 Diabetes; chủ đề diễn giải: fiber-rich foods. Không sao chép nguyên văn nguồn.,needs_manual_medical_review
expanded_prediabetes_004,prediabetes,lifestyle,vi,"Kiểm soát khẩu phần trong tiền đái tháo đường không nhất thiết là ăn thật ít, mà là nhận biết phần tinh bột, đồ uống ngọt, món chiên và đồ ăn vặt trong tổng ngày. Người dùng có thể bắt đầu bằng cách dùng đĩa nhỏ hơn, thêm rau trước, giảm bớt phần cơm hoặc mì nếu đang ăn quá nhiều và theo dõi cảm giác no. Nội dung này cần review để bảo đảm không tạo áp lực ăn kiêng cực đoan.",cdc_diabetes_meal_planning,Diabetes Meal Planning,https://www.cdc.gov/diabetes/healthy-eating/diabetes-meal-planning.html,CDC,Academic prototype draft. Text is paraphrased/summarized from the listed public health source; raw source is retained for traceability and the chunk requires human medical review.,needs_review,Chunk mở rộng do script tạo; cần bác sĩ/chuyên gia dinh dưỡng rà soát trước khi embedding hoặc demo.,Có ví dụ thực phẩm/thói quen ăn uống Việt Nam; cần chuyên gia Việt Nam xác nhận tính phù hợp và sắc thái diễn đạt. Contains Vietnamese food/local habit examples; wording is plausible but requires human localization review. Contains Vietnamese food/local habit examples; wording is plausible but requires human localization review.,Dựa trên nguồn CDC - Diabetes Meal Planning; chủ đề diễn giải: portion control. Không sao chép nguyên văn nguồn.,needs_manual_medical_review;localization_needs_review
expanded_prediabetes_005,prediabetes,explanation,vi,"Tiền đái tháo đường là cơ hội để can thiệp sớm trước khi nguy cơ tiến triển thành đái tháo đường type 2 cao hơn. Các nguồn phòng ngừa nhấn mạnh thay đổi lối sống có cấu trúc: ăn uống lành mạnh hơn, tăng vận động, theo dõi cân nặng và duy trì thói quen mới. Hệ thống nên khuyến khích tái khám và xét nghiệm theo hẹn, vì chỉ dựa vào cảm giác khỏe hay mệt không đủ để đánh giá đường huyết.",cdc_prevent_type2_guide,About On Your Way to Preventing Type 2 Diabetes,https://www.cdc.gov/diabetes/prevention-type-2/type-2-diabetes-prevention-guide.html,CDC,Academic prototype draft. Text is paraphrased/summarized from the listed public health source; raw source is retained for traceability and the chunk requires human medical review.,needs_review,Chunk mở rộng do script tạo; cần bác sĩ/chuyên gia dinh dưỡng rà soát trước khi embedding hoặc demo.,,Dựa trên nguồn CDC - About On Your Way to Preventing Type 2 Diabetes; chủ đề diễn giải: preventing type 2 progression. Không sao chép nguyên văn nguồn.,needs_manual_medical_review
expanded_hypertension_001,hypertension,warning,vi,"Mì gói và các gói gia vị đi kèm thường là ví dụ dễ hiểu về thực phẩm chế biến có thể làm lượng natri trong bữa ăn tăng nhanh. Với người tăng huyết áp, hệ thống có thể gợi ý giảm tần suất, dùng ít gói nêm hơn, thêm rau và đạm phù hợp, hoặc chọn món ít mặn hơn. Đây là bản nháp có ví dụ Việt Nam, cần review để tránh tạo cảm giác rằng chỉ cần bỏ mì gói là kiểm soát được huyết áp.",cdc_sodium_health,About Sodium and Health,https://www.cdc.gov/salt/about/index.html,CDC,Academic prototype draft. Text is paraphrased/summarized from the listed public health source; raw source is retained for traceability and the chunk requires human medical review.,needs_review,Chunk mở rộng do script tạo; cần bác sĩ/chuyên gia dinh dưỡng rà soát trước khi embedding hoặc demo.,Có ví dụ thực phẩm/thói quen ăn uống Việt Nam; cần chuyên gia Việt Nam xác nhận tính phù hợp và sắc thái diễn đạt. Contains Vietnamese food/local habit examples; wording is plausible but requires human localization review. Contains Vietnamese food/local habit examples; wording is plausible but requires human localization review.,Dựa trên nguồn CDC - About Sodium and Health; chủ đề diễn giải: instant noodles sodium. Không sao chép nguyên văn nguồn.,needs_manual_medical_review;localization_needs_review
expanded_hypertension_002,hypertension,faq,vi,"Nước mắm và nước tương có dùng được khi tăng huyết áp không? Câu trả lời nên thận trọng: đây là gia vị mặn phổ biến, nên vấn đề thường là lượng dùng, tần suất và tổng natri cả ngày. Người dùng có thể giảm dần lượng chấm, pha loãng, chấm một mặt thực phẩm thay vì ngập nước chấm, và ưu tiên món ít chế biến. Nếu có bệnh thận hoặc suy tim, cần hỏi bác sĩ về giới hạn phù hợp.",aha_shaking_salt_habit,Shaking the Salt Habit to Lower High Blood Pressure,https://www.heart.org/en/health-topics/high-blood-pressure/changes-you-can-make-to-manage-high-blood-pressure/shaking-the-salt-habit-to-lower-high-blood-pressure,American Heart Association,Academic prototype draft. Text is paraphrased/summarized from the listed public health source; raw source is retained for traceability and the chunk requires human medical review.,needs_review,Chunk mở rộng do script tạo; cần bác sĩ/chuyên gia dinh dưỡng rà soát trước khi embedding hoặc demo.,Có ví dụ thực phẩm/thói quen ăn uống Việt Nam; cần chuyên gia Việt Nam xác nhận tính phù hợp và sắc thái diễn đạt. Contains Vietnamese food/local habit examples; wording is plausible but requires human localization review. Contains Vietnamese food/local habit examples; wording is plausible but requires human localization review.,Dựa trên nguồn American Heart Association - Shaking the Salt Habit to Lower High Blood Pressure; chủ đề diễn giải: fish sauce and soy sauce. Không sao chép nguyên văn nguồn.,needs_manual_medical_review;localization_needs_review
expanded_hypertension_003,hypertension,lifestyle,vi,"Trong bữa Việt, vị mặn không chỉ đến từ muối hạt mà còn từ nước chấm, mắm, đồ kho, dưa cà muối, chả lụa, đồ hộp và món ăn sẵn. Người tăng huyết áp nên được hỗ trợ giảm mặn theo cách thực tế, ví dụ nêm nhạt dần, dùng chanh, tỏi, tiêu, hành và rau thơm để tăng vị. Chunk này cần review bản địa hóa vì thói quen nêm nếm khác nhau giữa gia đình và vùng miền.",aha_shaking_salt_habit,Shaking the Salt Habit to Lower High Blood Pressure,https://www.heart.org/en/health-topics/high-blood-pressure/changes-you-can-make-to-manage-high-blood-pressure/shaking-the-salt-habit-to-lower-high-blood-pressure,American Heart Association,Academic prototype draft. Text is paraphrased/summarized from the listed public health source; raw source is retained for traceability and the chunk requires human medical review.,needs_review,Chunk mở rộng do script tạo; cần bác sĩ/chuyên gia dinh dưỡng rà soát trước khi embedding hoặc demo.,Có ví dụ thực phẩm/thói quen ăn uống Việt Nam; cần chuyên gia Việt Nam xác nhận tính phù hợp và sắc thái diễn đạt. Contains Vietnamese food/local habit examples; wording is plausible but requires human localization review. Contains Vietnamese food/local habit examples; wording is plausible but requires human localization review.,Dựa trên nguồn American Heart Association - Shaking the Salt Habit to Lower High Blood Pressure; chủ đề diễn giải: salty condiments. Không sao chép nguyên văn nguồn.,needs_manual_medical_review;localization_needs_review
expanded_hypertension_004,hypertension,lifestyle,vi,"Một kiểu ăn hỗ trợ huyết áp thường nhấn mạnh nhiều rau, trái cây, ngũ cốc ít tinh chế, đậu, hạt, sữa hoặc thực phẩm giàu dinh dưỡng phù hợp, đồng thời giảm thực phẩm nhiều muối, nhiều đường và nhiều chất béo không lành mạnh. Khi diễn giải cho người Việt, có thể tập trung vào tăng rau trong bữa cơm và giảm món quá mặn. Nội dung này chỉ mô tả mô hình ăn uống chung, không thay thế thuốc huyết áp.",aha_sodium_per_day,How Much Sodium Should I Eat Per Day?,https://www.heart.org/en/healthy-living/healthy-eating/eat-smart/sodium/how-much-sodium-should-i-eat-per-day,American Heart Association,Academic prototype draft. Text is paraphrased/summarized from the listed public health source; raw source is retained for traceability and the chunk requires human medical review.,needs_review,Chunk mở rộng do script tạo; cần bác sĩ/chuyên gia dinh dưỡng rà soát trước khi embedding hoặc demo.,Có ví dụ thực phẩm/thói quen ăn uống Việt Nam; cần chuyên gia Việt Nam xác nhận tính phù hợp và sắc thái diễn đạt. Contains Vietnamese food/local habit examples; wording is plausible but requires human localization review. Contains Vietnamese food/local habit examples; wording is plausible but requires human localization review.,Dựa trên nguồn American Heart Association - How Much Sodium Should I Eat Per Day?; chủ đề diễn giải: DASH-style pattern. Không sao chép nguyên văn nguồn.,needs_manual_medical_review;localization_needs_review
expanded_hypertension_005,hypertension,lifestyle,vi,"Đọc nhãn thực phẩm giúp người tăng huyết áp nhận biết natri ẩn trong đồ hộp, nước sốt, snack, mì ăn liền, thịt chế biến và món đóng gói. Điểm cần nhớ là khẩu phần trên nhãn có thể nhỏ hơn lượng người dùng thực sự ăn, vì vậy tổng natri có thể cao hơn dự đoán. Chunk này không nêu ngưỡng số cụ thể; nếu cần ngưỡng, phải trích rõ nguồn và được chuyên gia kiểm tra.",cdc_sodium_health,About Sodium and Health,https://www.cdc.gov/salt/about/index.html,CDC,Academic prototype draft. Text is paraphrased/summarized from the listed public health source; raw source is retained for traceability and the chunk requires human medical review.,needs_review,Chunk mở rộng do script tạo; cần bác sĩ/chuyên gia dinh dưỡng rà soát trước khi embedding hoặc demo.,Có ví dụ thực phẩm/thói quen ăn uống Việt Nam; cần chuyên gia Việt Nam xác nhận tính phù hợp và sắc thái diễn đạt. Contains Vietnamese food/local habit examples; wording is plausible but requires human localization review. Contains Vietnamese food/local habit examples; wording is plausible but requires human localization review.,Dựa trên nguồn CDC - About Sodium and Health; chủ đề diễn giải: label reading sodium. Không sao chép nguyên văn nguồn.,needs_manual_medical_review;localization_needs_review
expanded_hypertension_006,hypertension,lifestyle,vi,"Quản lý cân nặng, vận động đều và ăn ít mặn hơn thường là các phần bổ trợ trong chăm sóc tăng huyết áp. Tuy nhiên, không nên nói rằng giảm cân hoặc ăn nhạt sẽ tự động thay thế thuốc, vì điều trị phụ thuộc mức huyết áp, nguy cơ tim mạch và bệnh kèm theo. Hệ thống nên khuyến khích người dùng theo dõi huyết áp tại nhà đúng cách và trao đổi với bác sĩ khi muốn đổi kế hoạch.",aha_shaking_salt_habit,Shaking the Salt Habit to Lower High Blood Pressure,https://www.heart.org/en/health-topics/high-blood-pressure/changes-you-can-make-to-manage-high-blood-pressure/shaking-the-salt-habit-to-lower-high-blood-pressure,American Heart Association,Academic prototype draft. Text is paraphrased/summarized from the listed public health source; raw source is retained for traceability and the chunk requires human medical review.,needs_review,Chunk mở rộng do script tạo; cần bác sĩ/chuyên gia dinh dưỡng rà soát trước khi embedding hoặc demo.,,Dựa trên nguồn American Heart Association - Shaking the Salt Habit to Lower High Blood Pressure; chủ đề diễn giải: weight management and blood pressure. Không sao chép nguyên văn nguồn.,needs_manual_medical_review
expanded_hypertension_007,hypertension,warning,vi,"Một số lời khuyên ăn uống cho huyết áp có thể nhắc đến thực phẩm giàu kali, nhưng người có bệnh thận mạn hoặc kali máu bất thường không nên tự tăng kali theo lời khuyên chung. Nếu người dùng vừa tăng huyết áp vừa có bệnh thận, hệ thống cần chuyển sang câu trả lời thận trọng hơn và khuyên hỏi bác sĩ hoặc chuyên gia dinh dưỡng thận học. Đây là cảnh báo giao thoa giữa tăng huyết áp và bệnh thận, cần review y khoa.",aha_sodium_per_day,How Much Sodium Should I Eat Per Day?,https://www.heart.org/en/healthy-living/healthy-eating/eat-smart/sodium/how-much-sodium-should-i-eat-per-day,American Heart Association,Academic prototype draft. Text is paraphrased/summarized from the listed public health source; raw source is retained for traceability and the chunk requires human medical review.,needs_review,Chunk mở rộng do script tạo; cần bác sĩ/chuyên gia dinh dưỡng rà soát trước khi embedding hoặc demo.,Có ví dụ thực phẩm/thói quen ăn uống Việt Nam; cần chuyên gia Việt Nam xác nhận tính phù hợp và sắc thái diễn đạt. Contains Vietnamese food/local habit examples; wording is plausible but requires human localization review. Contains Vietnamese food/local habit examples; wording is plausible but requires human localization review.,Dựa trên nguồn American Heart Association - How Much Sodium Should I Eat Per Day?; chủ đề diễn giải: kidney disease potassium caveat. Không sao chép nguyên văn nguồn.,needs_manual_medical_review;localization_needs_review
expanded_hypertension_008,hypertension,faq,vi,"Ăn nhạt có chữa khỏi tăng huyết áp không? Cách trả lời an toàn là giảm muối có thể hỗ trợ kiểm soát huyết áp ở nhiều người, nhưng không phải là cam kết chữa khỏi và không thay thế việc theo dõi, dùng thuốc nếu được kê, vận động và quản lý cân nặng. Người dùng cũng cần hiểu rằng ăn nhạt không chỉ là bớt muối khi nấu mà còn giảm thực phẩm chế biến sẵn và nước chấm mặn.",aha_shaking_salt_habit,Shaking the Salt Habit to Lower High Blood Pressure,https://www.heart.org/en/health-topics/high-blood-pressure/changes-you-can-make-to-manage-high-blood-pressure/shaking-the-salt-habit-to-lower-high-blood-pressure,American Heart Association,Academic prototype draft. Text is paraphrased/summarized from the listed public health source; raw source is retained for traceability and the chunk requires human medical review.,needs_review,Chunk mở rộng do script tạo; cần bác sĩ/chuyên gia dinh dưỡng rà soát trước khi embedding hoặc demo.,Có ví dụ thực phẩm/thói quen ăn uống Việt Nam; cần chuyên gia Việt Nam xác nhận tính phù hợp và sắc thái diễn đạt. Contains Vietnamese food/local habit examples; wording is plausible but requires human localization review. Contains Vietnamese food/local habit examples; wording is plausible but requires human localization review.,Dựa trên nguồn American Heart Association - Shaking the Salt Habit to Lower High Blood Pressure; chủ đề diễn giải: bland food cure misconception. Không sao chép nguyên văn nguồn.,needs_manual_medical_review;localization_needs_review
expanded_gout_001,gout,warning,vi,"Nội tạng động vật là nhóm thực phẩm thường được nhắc đến khi nói về purine và gout, vì có thể góp phần làm acid uric khó kiểm soát hơn ở một số người. Người bị gout hoặc acid uric cao nên được khuyên thận trọng với gan, lòng, tim, cật và các món tương tự, nhất là trong giai đoạn cơn đau tái phát. Đây không phải danh sách cấm tuyệt đối cho mọi trường hợp; cần bác sĩ hoặc chuyên gia dinh dưỡng xác nhận.",medlineplus_gout_encyclopedia,Gout Medical Encyclopedia,https://medlineplus.gov/ency/article/000422.htm,NIH MedlinePlus,Academic prototype draft. Text is paraphrased/summarized from the listed public health source; raw source is retained for traceability and the chunk requires human medical review.,needs_review,Chunk mở rộng do script tạo; cần bác sĩ/chuyên gia dinh dưỡng rà soát trước khi embedding hoặc demo.,Có ví dụ thực phẩm/thói quen ăn uống Việt Nam; cần chuyên gia Việt Nam xác nhận tính phù hợp và sắc thái diễn đạt. Contains Vietnamese food/local habit examples; wording is plausible but requires human localization review. Contains Vietnamese food/local habit examples; wording is plausible but requires human localization review.,Dựa trên nguồn NIH MedlinePlus - Gout Medical Encyclopedia; chủ đề diễn giải: organ meats. Không sao chép nguyên văn nguồn.,needs_manual_medical_review;localization_needs_review
expanded_gout_002,gout,lifestyle,vi,"Uống đủ nước theo nhu cầu cá nhân có thể là một thói quen hỗ trợ chung cho người bị gout, nhưng hệ thống không nên đưa ra lượng nước cố định cho mọi người. Người có bệnh thận, suy tim, phù hoặc đang được dặn hạn chế dịch cần hỏi bác sĩ trước khi tăng nước uống. Chunk này nên dùng như lời nhắc an toàn: chăm sóc gout không chỉ là kiêng món ăn, mà còn cần theo dõi triệu chứng, thuốc và bệnh kèm theo.",medlineplus_gout,Gout,https://medlineplus.gov/gout.html,NIH MedlinePlus,Academic prototype draft. Text is paraphrased/summarized from the listed public health source; raw source is retained for traceability and the chunk requires human medical review.,needs_review,Chunk mở rộng do script tạo; cần bác sĩ/chuyên gia dinh dưỡng rà soát trước khi embedding hoặc demo.,,Dựa trên nguồn NIH MedlinePlus - Gout; chủ đề diễn giải: hydration general note. Không sao chép nguyên văn nguồn.,needs_manual_medical_review
expanded_gout_003,gout,lifestyle,vi,"Quản lý cân nặng có thể là một phần của kế hoạch dài hạn cho người bị gout nếu họ đang thừa cân, nhưng cách làm cần từ từ và bền vững. Giảm cân quá nhanh hoặc ăn kiêng cực đoan có thể không phù hợp và làm người dùng khó duy trì thói quen lành mạnh. Hệ thống nên khuyến khích thay đổi nhỏ như giảm rượu bia, đồ uống ngọt, khẩu phần quá lớn và tăng vận động vừa sức, đồng thời vẫn theo dõi y tế.",medlineplus_gout,Gout,https://medlineplus.gov/gout.html,NIH MedlinePlus,Academic prototype draft. Text is paraphrased/summarized from the listed public health source; raw source is retained for traceability and the chunk requires human medical review.,needs_review,Chunk mở rộng do script tạo; cần bác sĩ/chuyên gia dinh dưỡng rà soát trước khi embedding hoặc demo.,,Dựa trên nguồn NIH MedlinePlus - Gout; chủ đề diễn giải: weight management and gout. Không sao chép nguyên văn nguồn.,needs_manual_medical_review
expanded_gout_004,gout,warning,vi,"Người bị gout không nên áp dụng chế độ nhịn ăn hoặc giảm cân cấp tốc chỉ vì muốn hạ acid uric nhanh. Những cách cực đoan có thể làm cơ thể căng thẳng, khó duy trì và không giải quyết được nhu cầu điều trị lâu dài. Câu trả lời an toàn là phối hợp ăn uống hợp lý, giảm yếu tố kích hoạt như bia rượu nếu phù hợp, và trao đổi với bác sĩ về thuốc hoặc xét nghiệm thay vì tự xử lý bằng mẹo ăn kiêng.",medlineplus_gout_encyclopedia,Gout Medical Encyclopedia,https://medlineplus.gov/ency/article/000422.htm,NIH MedlinePlus,Academic prototype draft. Text is paraphrased/summarized from the listed public health source; raw source is retained for traceability and the chunk requires human medical review.,needs_review,Chunk mở rộng do script tạo; cần bác sĩ/chuyên gia dinh dưỡng rà soát trước khi embedding hoặc demo.,,Dựa trên nguồn NIH MedlinePlus - Gout Medical Encyclopedia; chủ đề diễn giải: crash dieting warning. Không sao chép nguyên văn nguồn.,needs_manual_medical_review
expanded_gout_005,gout,warning,vi,"Đồ uống ngọt có thể làm chế độ ăn dư năng lượng và không có lợi cho quản lý cân nặng, một yếu tố liên quan đến gout ở nhiều người. Nếu nguồn và chuyên gia xác nhận, hệ thống có thể nhắc thêm rằng đồ uống nhiều đường không phải lựa chọn tốt cho người có acid uric cao. Cần tránh khẳng định quá mức hoặc nêu cơ chế chi tiết khi chưa có nguồn trực tiếp trong corpus; chunk này giữ cờ cần review y khoa.",medlineplus_gout,Gout,https://medlineplus.gov/gout.html,NIH MedlinePlus,Academic prototype draft. Text is paraphrased/summarized from the listed public health source; raw source is retained for traceability and the chunk requires human medical review.,needs_review,Chunk mở rộng do script tạo; cần bác sĩ/chuyên gia dinh dưỡng rà soát trước khi embedding hoặc demo.,,Dựa trên nguồn NIH MedlinePlus - Gout; chủ đề diễn giải: sugary drinks caution. Không sao chép nguyên văn nguồn.,needs_manual_medical_review
expanded_gout_006,gout,explanation,vi,"Cơn gout cấp và quản lý gout lâu dài là hai việc khác nhau. Khi khớp đang đau, sưng, nóng, đỏ, người dùng cần được khuyến khích đi khám hoặc làm theo kế hoạch điều trị đã được bác sĩ hướng dẫn. Về lâu dài, ăn uống, rượu bia, cân nặng, acid uric, chức năng thận và thuốc đều có thể liên quan. Hệ thống không nên đưa ra lời khuyên tự dùng thuốc giảm đau hoặc tự đổi thuốc khi chưa có bối cảnh y khoa.",medlineplus_gout,Gout,https://medlineplus.gov/gout.html,NIH MedlinePlus,Academic prototype draft. Text is paraphrased/summarized from the listed public health source; raw source is retained for traceability and the chunk requires human medical review.,needs_review,Chunk mở rộng do script tạo; cần bác sĩ/chuyên gia dinh dưỡng rà soát trước khi embedding hoặc demo.,,Dựa trên nguồn NIH MedlinePlus - Gout; chủ đề diễn giải: flare vs long-term management. Không sao chép nguyên văn nguồn.,needs_manual_medical_review
expanded_gout_007,gout,faq,vi,"Người bị gout có ăn đậu được không? Câu trả lời nên tránh cực đoan. Một số thực phẩm thực vật có purine, nhưng không nên tự động xếp mọi loại đậu vào nhóm phải kiêng tuyệt đối như nội tạng hoặc một số món giàu purine khác. Người dùng nên hỏi chuyên gia về khẩu phần và tần suất phù hợp, đặc biệt nếu acid uric chưa kiểm soát, có bệnh thận hoặc đang có cơn gout tái phát.",medlineplus_gout_encyclopedia,Gout Medical Encyclopedia,https://medlineplus.gov/ency/article/000422.htm,NIH MedlinePlus,Academic prototype draft. Text is paraphrased/summarized from the listed public health source; raw source is retained for traceability and the chunk requires human medical review.,needs_review,Chunk mở rộng do script tạo; cần bác sĩ/chuyên gia dinh dưỡng rà soát trước khi embedding hoặc demo.,Có ví dụ thực phẩm/thói quen ăn uống Việt Nam; cần chuyên gia Việt Nam xác nhận tính phù hợp và sắc thái diễn đạt. Contains Vietnamese food/local habit examples; wording is plausible but requires human localization review. Contains Vietnamese food/local habit examples; wording is plausible but requires human localization review.,Dựa trên nguồn NIH MedlinePlus - Gout Medical Encyclopedia; chủ đề diễn giải: beans FAQ. Không sao chép nguyên văn nguồn.,needs_manual_medical_review;localization_needs_review
expanded_ckd_001,chronic_kidney_disease,explanation,vi,"Chế độ ăn trong bệnh thận mạn phụ thuộc vào giai đoạn bệnh, kết quả xét nghiệm, huyết áp, thuốc, tình trạng phù và việc người bệnh đã lọc máu hay chưa. Vì vậy, một lời khuyên chung như kiêng hết đạm, kiêng hết trái cây hoặc uống thật nhiều nước đều có thể không phù hợp. Hệ thống nên luôn nhắc rằng nội dung RAG chỉ hỗ trợ hiểu khái niệm, còn kế hoạch ăn uống cần bác sĩ hoặc chuyên gia dinh dưỡng thận học cá nhân hóa.",nkf_nutrition_ckd_stages_1_5,Nutrition and Kidney Disease Stages 1-5,https://www.kidney.org/kidney-topics/nutrition-and-kidney-disease-stages-1-5-not-dialysis,National Kidney Foundation,Academic prototype draft. Text is paraphrased/summarized from the listed public health source; raw source is retained for traceability and the chunk requires human medical review.,needs_review,Chunk mở rộng do script tạo; cần bác sĩ/chuyên gia dinh dưỡng rà soát trước khi embedding hoặc demo.,,Dựa trên nguồn National Kidney Foundation - Nutrition and Kidney Disease Stages 1-5; chủ đề diễn giải: diet depends on stage and labs. Không sao chép nguyên văn nguồn.,needs_manual_medical_review
expanded_ckd_002,chronic_kidney_disease,explanation,vi,"Kali trong máu có thể cao hoặc thấp tùy tình trạng thận, thuốc, chế độ ăn và điều trị. Người bệnh thận mạn không nên tự kết luận rằng càng ít kali càng tốt, vì cả thiếu và thừa đều cần được đánh giá bằng xét nghiệm. Khi người dùng hỏi về chuối, cam, khoai hoặc rau xanh, hệ thống nên trả lời rằng cần xem kết quả kali máu và hướng dẫn của đội ngũ điều trị trước khi thay đổi lớn.",nkf_potassium_ckd_diet,Potassium in Your CKD Diet,https://www.kidney.org/kidney-topics/potassium-your-ckd-diet,National Kidney Foundation,Academic prototype draft. Text is paraphrased/summarized from the listed public health source; raw source is retained for traceability and the chunk requires human medical review.,needs_review,Chunk mở rộng do script tạo; cần bác sĩ/chuyên gia dinh dưỡng rà soát trước khi embedding hoặc demo.,Có ví dụ thực phẩm/thói quen ăn uống Việt Nam; cần chuyên gia Việt Nam xác nhận tính phù hợp và sắc thái diễn đạt. Contains Vietnamese food/local habit examples; wording is plausible but requires human localization review. Contains Vietnamese food/local habit examples; wording is plausible but requires human localization review.,Dựa trên nguồn National Kidney Foundation - Potassium in Your CKD Diet; chủ đề diễn giải: high vs low potassium. Không sao chép nguyên văn nguồn.,needs_manual_medical_review;localization_needs_review
expanded_ckd_003,chronic_kidney_disease,lifestyle,vi,"Với kali trong bệnh thận mạn, khẩu phần có thể quan trọng không kém việc phân loại thực phẩm. Một thực phẩm có kali cao hơn không có nghĩa mọi người phải tránh tuyệt đối, và thực phẩm có kali thấp hơn cũng không nên ăn không giới hạn. Hệ thống nên khuyến khích người bệnh hỏi chuyên gia về lượng ăn, tần suất và cách kết hợp trong ngày, đặc biệt khi xét nghiệm kali thay đổi hoặc thuốc được điều chỉnh.",nkf_potassium_ckd_diet,Potassium in Your CKD Diet,https://www.kidney.org/kidney-topics/potassium-your-ckd-diet,National Kidney Foundation,Academic prototype draft. Text is paraphrased/summarized from the listed public health source; raw source is retained for traceability and the chunk requires human medical review.,needs_review,Chunk mở rộng do script tạo; cần bác sĩ/chuyên gia dinh dưỡng rà soát trước khi embedding hoặc demo.,Có ví dụ thực phẩm/thói quen ăn uống Việt Nam; cần chuyên gia Việt Nam xác nhận tính phù hợp và sắc thái diễn đạt. Contains Vietnamese food/local habit examples; wording is plausible but requires human localization review. Contains Vietnamese food/local habit examples; wording is plausible but requires human localization review.,Dựa trên nguồn National Kidney Foundation - Potassium in Your CKD Diet; chủ đề diễn giải: serving size matters. Không sao chép nguyên văn nguồn.,needs_manual_medical_review;localization_needs_review
expanded_ckd_004,chronic_kidney_disease,faq,vi,"Bệnh thận mạn có cần kiêng chuối không? Chuối thường được nhắc đến khi nói về thực phẩm giàu kali, nhưng việc có cần hạn chế hay không phụ thuộc vào kali máu, giai đoạn bệnh và kế hoạch điều trị. Câu trả lời an toàn là không tự kiêng hoặc ăn bù thật nhiều chỉ theo lời truyền miệng. Người bệnh nên đem kết quả xét nghiệm và thói quen ăn trái cây để hỏi bác sĩ hoặc chuyên gia dinh dưỡng.",nkf_potassium_ckd_diet,Potassium in Your CKD Diet,https://www.kidney.org/kidney-topics/potassium-your-ckd-diet,National Kidney Foundation,Academic prototype draft. Text is paraphrased/summarized from the listed public health source; raw source is retained for traceability and the chunk requires human medical review.,needs_review,Chunk mở rộng do script tạo; cần bác sĩ/chuyên gia dinh dưỡng rà soát trước khi embedding hoặc demo.,Có ví dụ thực phẩm/thói quen ăn uống Việt Nam; cần chuyên gia Việt Nam xác nhận tính phù hợp và sắc thái diễn đạt. Contains Vietnamese food/local habit examples; wording is plausible but requires human localization review. Contains Vietnamese food/local habit examples; wording is plausible but requires human localization review.,Dựa trên nguồn National Kidney Foundation - Potassium in Your CKD Diet; chủ đề diễn giải: banana and high-potassium fruit. Không sao chép nguyên văn nguồn.,needs_manual_medical_review;localization_needs_review
expanded_ckd_005,chronic_kidney_disease,lifestyle,vi,"Nếu người bệnh thận mạn được chuyên gia yêu cầu giảm kali, họ có thể cần học cách chọn trái cây có lượng kali phù hợp hơn và kiểm soát khẩu phần. Tuy nhiên, danh sách thực phẩm nên được cá nhân hóa vì mỗi người có xét nghiệm, thuốc và sở thích khác nhau. Hệ thống chỉ nên gợi ý trao đổi về lựa chọn trái cây thay thế, không nên tự tạo danh sách cấm hoặc cho phép tuyệt đối nếu chưa được review từ nguồn.",nkf_potassium_ckd_diet,Potassium in Your CKD Diet,https://www.kidney.org/kidney-topics/potassium-your-ckd-diet,National Kidney Foundation,Academic prototype draft. Text is paraphrased/summarized from the listed public health source; raw source is retained for traceability and the chunk requires human medical review.,needs_review,Chunk mở rộng do script tạo; cần bác sĩ/chuyên gia dinh dưỡng rà soát trước khi embedding hoặc demo.,Có ví dụ thực phẩm/thói quen ăn uống Việt Nam; cần chuyên gia Việt Nam xác nhận tính phù hợp và sắc thái diễn đạt. Contains Vietnamese food/local habit examples; wording is plausible but requires human localization review. Contains Vietnamese food/local habit examples; wording is plausible but requires human localization review.,Dựa trên nguồn National Kidney Foundation - Potassium in Your CKD Diet; chủ đề diễn giải: lower-potassium fruit choices. Không sao chép nguyên văn nguồn.,needs_manual_medical_review;localization_needs_review
expanded_ckd_006,chronic_kidney_disease,lifestyle,vi,"Một số loại rau củ có thể chứa nhiều kali hơn loại khác, nhưng người bệnh thận mạn không nên vì vậy mà bỏ hết rau. Rau vẫn có vai trò trong chất xơ và chất lượng bữa ăn; điều cần làm là chọn loại, lượng và cách chế biến theo xét nghiệm. Khi trả lời, hệ thống nên nhấn mạnh việc hỏi chuyên gia dinh dưỡng thận học thay vì đưa ra danh sách quá đơn giản làm người dùng sợ ăn rau.",nkf_potassium_ckd_diet,Potassium in Your CKD Diet,https://www.kidney.org/kidney-topics/potassium-your-ckd-diet,National Kidney Foundation,Academic prototype draft. Text is paraphrased/summarized from the listed public health source; raw source is retained for traceability and the chunk requires human medical review.,needs_review,Chunk mở rộng do script tạo; cần bác sĩ/chuyên gia dinh dưỡng rà soát trước khi embedding hoặc demo.,Có ví dụ thực phẩm/thói quen ăn uống Việt Nam; cần chuyên gia Việt Nam xác nhận tính phù hợp và sắc thái diễn đạt. Contains Vietnamese food/local habit examples; wording is plausible but requires human localization review. Contains Vietnamese food/local habit examples; wording is plausible but requires human localization review.,Dựa trên nguồn National Kidney Foundation - Potassium in Your CKD Diet; chủ đề diễn giải: high-potassium vegetables. Không sao chép nguyên văn nguồn.,needs_manual_medical_review;localization_needs_review
expanded_ckd_007,chronic_kidney_disease,lifestyle,vi,"Một số hướng dẫn về bệnh thận có nhắc đến cách sơ chế hoặc nấu để giảm bớt kali trong rau củ, thường được gọi là ngâm hoặc luộc bỏ nước tùy loại thực phẩm. Đây là kỹ thuật cần làm đúng và không áp dụng tùy tiện cho mọi món. Hệ thống nên mô tả ở mức khái niệm và khuyên hỏi chuyên gia trước khi dùng thường xuyên, vì cách nấu, khẩu phần và kết quả xét nghiệm mới quyết định mức phù hợp.",nkf_potassium_ckd_diet,Potassium in Your CKD Diet,https://www.kidney.org/kidney-topics/potassium-your-ckd-diet,National Kidney Foundation,Academic prototype draft. Text is paraphrased/summarized from the listed public health source; raw source is retained for traceability and the chunk requires human medical review.,needs_review,Chunk mở rộng do script tạo; cần bác sĩ/chuyên gia dinh dưỡng rà soát trước khi embedding hoặc demo.,Có ví dụ thực phẩm/thói quen ăn uống Việt Nam; cần chuyên gia Việt Nam xác nhận tính phù hợp và sắc thái diễn đạt. Contains Vietnamese food/local habit examples; wording is plausible but requires human localization review. Contains Vietnamese food/local habit examples; wording is plausible but requires human localization review.,Dựa trên nguồn National Kidney Foundation - Potassium in Your CKD Diet; chủ đề diễn giải: leaching vegetables. Không sao chép nguyên văn nguồn.,needs_manual_medical_review;localization_needs_review
expanded_ckd_008,chronic_kidney_disease,warning,vi,"Nước trong đồ hộp hoặc nước luộc/nước nấu từ một số thực phẩm có thể chứa khoáng chất hòa tan, vì vậy người bệnh thận mạn được dặn kiểm soát kali hoặc natri cần hỏi chuyên gia về cách dùng phần nước này. Không nên mặc định rằng nước hầm, nước hộp hay nước luộc luôn an toàn để tận dụng. Chunk này cần review chuyên môn và bản địa hóa vì thói quen dùng nước canh, nước kho trong bữa Việt khá phổ biến.",nkf_potassium_ckd_diet,Potassium in Your CKD Diet,https://www.kidney.org/kidney-topics/potassium-your-ckd-diet,National Kidney Foundation,Academic prototype draft. Text is paraphrased/summarized from the listed public health source; raw source is retained for traceability and the chunk requires human medical review.,needs_review,Chunk mở rộng do script tạo; cần bác sĩ/chuyên gia dinh dưỡng rà soát trước khi embedding hoặc demo.,Có ví dụ thực phẩm/thói quen ăn uống Việt Nam; cần chuyên gia Việt Nam xác nhận tính phù hợp và sắc thái diễn đạt. Contains Vietnamese food/local habit examples; wording is plausible but requires human localization review. Contains Vietnamese food/local habit examples; wording is plausible but requires human localization review.,Dựa trên nguồn National Kidney Foundation - Potassium in Your CKD Diet; chủ đề diễn giải: canned or cooking liquid. Không sao chép nguyên văn nguồn.,needs_manual_medical_review;localization_needs_review
expanded_ckd_009,chronic_kidney_disease,warning,vi,"Phosphorus trong bệnh thận mạn không chỉ đến từ thực phẩm tự nhiên mà còn có thể xuất hiện dưới dạng phụ gia trong thực phẩm chế biến. Người bệnh có thể được hướng dẫn đọc nhãn để nhận biết phụ gia phosphate, nhưng việc hạn chế đến mức nào phải dựa trên xét nghiệm và giai đoạn bệnh. Hệ thống nên tránh khuyên kiêng toàn bộ sữa, đậu, thịt cá hoặc ngũ cốc nếu chưa có đánh giá cá nhân.",medlineplus_ckd_diet,Diet - Chronic Kidney Disease,https://medlineplus.gov/ency/article/002442.htm,NIH MedlinePlus,Academic prototype draft. Text is paraphrased/summarized from the listed public health source; raw source is retained for traceability and the chunk requires human medical review.,needs_review,Chunk mở rộng do script tạo; cần bác sĩ/chuyên gia dinh dưỡng rà soát trước khi embedding hoặc demo.,,Dựa trên nguồn NIH MedlinePlus - Diet - Chronic Kidney Disease; chủ đề diễn giải: phosphate additives. Không sao chép nguyên văn nguồn.,needs_manual_medical_review
expanded_ckd_010,chronic_kidney_disease,explanation,vi,"Bệnh thận mạn thường cần xem cùng các bệnh đi kèm như đái tháo đường và tăng huyết áp. Một người vừa bệnh thận vừa đường huyết cao có thể cần cân bằng carbohydrate, natri, protein, kali và phosphorus theo xét nghiệm, chứ không thể áp dụng riêng lẻ từng lời khuyên. Hệ thống nên nhận diện tình huống đa bệnh và khuyến khích kế hoạch dinh dưỡng do bác sĩ hoặc chuyên gia dinh dưỡng thận học điều chỉnh.",nkf_nutrition_ckd_stages_1_5,Nutrition and Kidney Disease Stages 1-5,https://www.kidney.org/kidney-topics/nutrition-and-kidney-disease-stages-1-5-not-dialysis,National Kidney Foundation,Academic prototype draft. Text is paraphrased/summarized from the listed public health source; raw source is retained for traceability and the chunk requires human medical review.,needs_review,Chunk mở rộng do script tạo; cần bác sĩ/chuyên gia dinh dưỡng rà soát trước khi embedding hoặc demo.,Có ví dụ thực phẩm/thói quen ăn uống Việt Nam; cần chuyên gia Việt Nam xác nhận tính phù hợp và sắc thái diễn đạt. Contains Vietnamese food/local habit examples; wording is plausible but requires human localization review. Contains Vietnamese food/local habit examples; wording is plausible but requires human localization review.,Dựa trên nguồn National Kidney Foundation - Nutrition and Kidney Disease Stages 1-5; chủ đề diễn giải: CKD with diabetes and hypertension. Không sao chép nguyên văn nguồn.,needs_manual_medical_review;localization_needs_review
expanded_obesity_001,obesity,lifestyle,vi,"Kiểm soát khẩu phần khi giảm cân không có nghĩa là ăn thật ít hoặc bỏ bữa. Người dùng có thể bắt đầu bằng cách quan sát phần cơm, món chiên, đồ uống ngọt và đồ ăn vặt trong ngày, sau đó giảm dần những phần dư năng lượng nhưng ít tạo no. Cách tiếp cận này phù hợp với mục tiêu bền vững hơn là ép cơ thể theo một thực đơn quá nghiêm ngặt rồi nhanh chóng bỏ cuộc.",cdc_steps_losing_weight,Steps for Losing Weight,https://www.cdc.gov/healthy-weight-growth/losing-weight/index.html,CDC,Academic prototype draft. Text is paraphrased/summarized from the listed public health source; raw source is retained for traceability and the chunk requires human medical review.,needs_review,Chunk mở rộng do script tạo; cần bác sĩ/chuyên gia dinh dưỡng rà soát trước khi embedding hoặc demo.,Có ví dụ thực phẩm/thói quen ăn uống Việt Nam; cần chuyên gia Việt Nam xác nhận tính phù hợp và sắc thái diễn đạt. Contains Vietnamese food/local habit examples; wording is plausible but requires human localization review. Contains Vietnamese food/local habit examples; wording is plausible but requires human localization review.,Dựa trên nguồn CDC - Steps for Losing Weight; chủ đề diễn giải: portion control. Không sao chép nguyên văn nguồn.,needs_manual_medical_review;localization_needs_review
expanded_obesity_002,obesity,lifestyle,vi,"Hoạt động thể lực hỗ trợ quản lý cân nặng bằng cách tăng năng lượng tiêu hao, cải thiện sức khỏe tim mạch và giúp người dùng duy trì thói quen tích cực. Với người mới bắt đầu hoặc có bệnh nền, gợi ý nên vừa sức như đi bộ, vận động nhiều hơn trong sinh hoạt và tăng dần theo khả năng. Hệ thống không nên khuyến khích tập quá nặng để giảm cân nhanh, nhất là khi người dùng đau ngực, chóng mặt hoặc có bệnh mạn tính.",cdc_healthy_eating_weight,Tips for Healthy Eating for a Healthy Weight,https://www.cdc.gov/healthy-weight-growth/healthy-eating/index.html,CDC,Academic prototype draft. Text is paraphrased/summarized from the listed public health source; raw source is retained for traceability and the chunk requires human medical review.,needs_review,Chunk mở rộng do script tạo; cần bác sĩ/chuyên gia dinh dưỡng rà soát trước khi embedding hoặc demo.,,Dựa trên nguồn CDC - Tips for Healthy Eating for a Healthy Weight; chủ đề diễn giải: physical activity. Không sao chép nguyên văn nguồn.,needs_manual_medical_review
expanded_obesity_003,obesity,lifestyle,vi,"Giảm đồ uống ngọt là một thay đổi tương đối dễ bắt đầu trong quản lý cân nặng vì nước ngọt, trà sữa, cà phê nhiều sữa đặc hoặc nước ép thêm đường có thể làm tăng năng lượng nạp vào mà không tạo no như bữa ăn. Người dùng có thể giảm dần tần suất, chọn cỡ nhỏ hơn hoặc thay bằng nước lọc, trà không đường. Cần tránh giọng điệu phán xét vì thói quen đồ uống thường gắn với công việc, stress và giao tiếp xã hội.",cdc_healthy_eating_weight,Tips for Healthy Eating for a Healthy Weight,https://www.cdc.gov/healthy-weight-growth/healthy-eating/index.html,CDC,Academic prototype draft. Text is paraphrased/summarized from the listed public health source; raw source is retained for traceability and the chunk requires human medical review.,needs_review,Chunk mở rộng do script tạo; cần bác sĩ/chuyên gia dinh dưỡng rà soát trước khi embedding hoặc demo.,,Dựa trên nguồn CDC - Tips for Healthy Eating for a Healthy Weight; chủ đề diễn giải: reducing sugary drinks. Không sao chép nguyên văn nguồn.,needs_manual_medical_review
expanded_obesity_004,obesity,lifestyle,vi,"Giảm cân bền vững thường đến từ nhiều thay đổi nhỏ lặp lại hằng ngày: chuẩn bị bữa ăn đơn giản hơn, ngủ đủ hơn, vận động đều hơn, kiểm soát đồ uống ngọt và nhận biết lúc ăn do căng thẳng. Hệ thống nên giúp người dùng chọn một bước dễ làm trước thay vì đưa danh sách yêu cầu quá dài. Với người có bệnh nền, rối loạn ăn uống hoặc đang dùng thuốc, mọi kế hoạch giảm cân cần được chuyên gia kiểm tra.",cdc_steps_losing_weight,Steps for Losing Weight,https://www.cdc.gov/healthy-weight-growth/losing-weight/index.html,CDC,Academic prototype draft. Text is paraphrased/summarized from the listed public health source; raw source is retained for traceability and the chunk requires human medical review.,needs_review,Chunk mở rộng do script tạo; cần bác sĩ/chuyên gia dinh dưỡng rà soát trước khi embedding hoặc demo.,,Dựa trên nguồn CDC - Steps for Losing Weight; chủ đề diễn giải: realistic habit change. Không sao chép nguyên văn nguồn.,needs_manual_medical_review
