chunk_id,condition_code,chunk_type,language,text,source_id,source_title,source_url,source_org,license_note,review_status
rag_diabetes_001,diabetes,explanation,vi,"Carbohydrate là nhóm chất dinh dưỡng có ảnh hưởng trực tiếp đến đường huyết sau bữa ăn vì cơ thể chuyển carbohydrate thành glucose để sử dụng làm năng lượng. Với người đái tháo đường, điều quan trọng không phải là loại bỏ hoàn toàn cơm, bún, bánh mì, trái cây hay sữa, mà là hiểu lượng ăn, cách phân bổ trong ngày và cách kết hợp với rau, đạm nạc, chất béo có lợi. Nội dung này chỉ là bản nháp giải thích chung; kế hoạch cụ thể cần được cá nhân hóa theo thuốc, mức đường huyết, hoạt động thể lực và tư vấn của nhân viên y tế.",ada_understanding_carbs,Understanding Carbs,https://diabetes.org/food-nutrition/understanding-carbs,American Diabetes Association,Academic prototype draft. Text is paraphrased/summarized from the listed public health source; raw source is retained for traceability and the chunk requires human medical review.,needs_review
rag_diabetes_002,diabetes,lifestyle,vi,"Một bữa ăn cân bằng cho người đái tháo đường thường nên có cấu trúc dễ nhìn: nhiều rau không tinh bột, một phần thực phẩm giàu đạm, một phần thực phẩm chứa carbohydrate và đồ uống ít hoặc không đường. Cách tiếp cận kiểu đĩa ăn giúp người dùng ước lượng khẩu phần mà không phải cân đo mọi món, đồng thời vẫn giữ được sự linh hoạt với món Việt như cơm, canh, cá, đậu phụ và rau luộc. Đây là bản nháp cần chuyên gia dinh dưỡng rà soát trước khi dùng trong tư vấn cá nhân.",cdc_diabetes_meal_planning,Diabetes Meal Planning,https://www.cdc.gov/diabetes/healthy-eating/diabetes-meal-planning.html,CDC,Academic prototype draft. Text is paraphrased/summarized from the listed public health source; raw source is retained for traceability and the chunk requires human medical review.,needs_review
rag_diabetes_003,diabetes,faq,vi,"Người đái tháo đường không nhất thiết phải kiêng hoàn toàn trái cây. Trái cây có vitamin, khoáng chất và chất xơ, nhưng vẫn có carbohydrate tự nhiên nên cần chú ý khẩu phần và cách ăn trong tổng bữa. Nên ưu tiên trái cây nguyên miếng thay vì nước ép hoặc đồ uống trái cây có đường, vì dạng uống dễ làm nạp nhiều đường nhanh hơn và ít tạo cảm giác no. Câu trả lời này là bản nháp FAQ, cần kiểm tra lại theo khuyến nghị lâm sàng và thói quen ăn uống của từng người.",ada_eating_healthy,Eating Well & Managing Diabetes,https://diabetes.org/food-nutrition/eating-healthy,American Diabetes Association,Academic prototype draft. Text is paraphrased/summarized from the listed public health source; raw source is retained for traceability and the chunk requires human medical review.,needs_review
rag_diabetes_004,diabetes,warning,vi,"Đồ uống có đường như nước ngọt, trà sữa, nước tăng lực, nước ép thêm đường hoặc cà phê pha nhiều sữa đặc có thể làm tăng lượng đường nạp vào rất nhanh mà người uống không nhận ra. Với người đái tháo đường, nhóm đồ uống này thường không giúp no lâu và có thể làm việc kiểm soát đường huyết khó hơn. Khi xây dựng gợi ý, hệ thống nên khuyến khích nước lọc hoặc lựa chọn ít đường, đồng thời tránh đưa ra lời cấm tuyệt đối nếu chưa có bối cảnh y khoa cá nhân.",ada_eating_healthy,Eating Well & Managing Diabetes,https://diabetes.org/food-nutrition/eating-healthy,American Diabetes Association,Academic prototype draft. Text is paraphrased/summarized from the listed public health source; raw source is retained for traceability and the chunk requires human medical review.,needs_review
rag_diabetes_005,diabetes,lifestyle,vi,"Quản lý cân nặng là một phần của chăm sóc đái tháo đường type 2 đối với nhiều người, nhưng cách thực hiện nên bền vững và không cực đoan. Những thay đổi nhỏ như giảm đồ uống ngọt, tăng rau, chọn khẩu phần tinh bột hợp lý, đi bộ đều đặn và ngủ đủ có thể hỗ trợ kiểm soát năng lượng nạp vào. Người đang dùng thuốc hạ đường huyết cần hỏi nhân viên y tế trước khi thay đổi mạnh chế độ ăn hoặc luyện tập để tránh rủi ro không mong muốn.",cdc_diabetes_meal_planning,Diabetes Meal Planning,https://www.cdc.gov/diabetes/healthy-eating/diabetes-meal-planning.html,CDC,Academic prototype draft. Text is paraphrased/summarized from the listed public health source; raw source is retained for traceability and the chunk requires human medical review.,needs_review
rag_prediabetes_001,prediabetes,explanation,vi,"Tiền đái tháo đường là giai đoạn cảnh báo rằng đường huyết đã cao hơn bình thường nhưng chưa nhất thiết là đái tháo đường type 2. Đây là thời điểm phù hợp để tập trung vào thay đổi lối sống như ăn uống lành mạnh hơn, vận động thường xuyên hơn, ngủ và quản lý căng thẳng tốt hơn. Mục tiêu của bản nháp này là giải thích hướng hành động chung, không thay thế xét nghiệm, chẩn đoán hay kế hoạch điều trị từ bác sĩ.",cdc_prediabetes_lifestyle_change,About the Lifestyle Change Program,https://www.cdc.gov/diabetes-prevention/lifestyle-change-program/lifestyle-change-program-details.html,CDC,Academic prototype draft. Text is paraphrased/summarized from the listed public health source; raw source is retained for traceability and the chunk requires human medical review.,needs_review
rag_prediabetes_002,prediabetes,lifestyle,vi,"Với người được nhắc có nguy cơ tiền đái tháo đường, hoạt động thể lực và quản lý cân nặng thường được xem là hai trụ cột quan trọng. Người dùng có thể bắt đầu bằng lựa chọn vừa sức như đi bộ, tăng vận động trong sinh hoạt, giảm thời gian ngồi lâu và điều chỉnh khẩu phần ăn hằng ngày. Hệ thống chỉ nên gợi ý bước nhỏ, thực tế, có thể duy trì; mọi mục tiêu cụ thể cần được kiểm tra bởi nhân viên y tế, nhất là khi người dùng có bệnh nền hoặc dùng thuốc.",cdc_prevent_type2_guide,About On Your Way to Preventing Type 2 Diabetes,https://www.cdc.gov/diabetes/prevention-type-2/type-2-diabetes-prevention-guide.html,CDC,Academic prototype draft. Text is paraphrased/summarized from the listed public health source; raw source is retained for traceability and the chunk requires human medical review.,needs_review
rag_prediabetes_003,prediabetes,explanation,vi,"Mục tiêu khi phát hiện tiền đái tháo đường là giảm nguy cơ tiến triển thành đái tháo đường type 2 thông qua những thay đổi có thể duy trì lâu dài. Điều này thường gồm ăn nhiều thực phẩm ít chế biến hơn, chọn đồ uống ít đường, tăng vận động, theo dõi cân nặng phù hợp và tái khám theo hẹn. Đây là nội dung giáo dục sức khỏe ở mức tổng quát; không nên dùng để kết luận nguy cơ cá nhân nếu chưa có kết quả xét nghiệm và đánh giá của bác sĩ.",cdc_prevent_type2_guide,About On Your Way to Preventing Type 2 Diabetes,https://www.cdc.gov/diabetes/prevention-type-2/type-2-diabetes-prevention-guide.html,CDC,Academic prototype draft. Text is paraphrased/summarized from the listed public health source; raw source is retained for traceability and the chunk requires human medical review.,needs_review
rag_hypertension_001,hypertension,explanation,vi,"Natri trong muối và nhiều thực phẩm chế biến sẵn có liên quan đến huyết áp vì có thể làm cơ thể giữ nước nhiều hơn, từ đó tạo thêm áp lực lên hệ mạch. Với người tăng huyết áp, giảm vị mặn tổng thể trong khẩu phần là một hướng thường được khuyến nghị cùng với theo dõi huyết áp, vận động và dùng thuốc nếu được kê. Bản nháp này tránh nêu ngưỡng điều trị cụ thể; chuyên gia cần rà soát trước khi đưa vào câu trả lời RAG.",cdc_sodium_health,About Sodium and Health,https://www.cdc.gov/salt/about/index.html,CDC,Academic prototype draft. Text is paraphrased/summarized from the listed public health source; raw source is retained for traceability and the chunk requires human medical review.,needs_review
rag_hypertension_002,hypertension,warning,vi,"Một phần lớn natri có thể đến từ thực phẩm đóng gói, đồ hộp, thịt chế biến, mì ăn liền, đồ ăn nhanh, snack mặn và các món đã nêm sẵn chứ không chỉ từ hũ muối trên bàn. Người bị tăng huyết áp nên được nhắc đọc nhãn dinh dưỡng, chú ý khẩu phần và giảm dần các lựa chọn quá mặn. Đây là cảnh báo dinh dưỡng chung, không phải chỉ định điều trị; người dùng có bệnh thận, tim mạch hoặc đang dùng thuốc cần hỏi bác sĩ về mức phù hợp.",aha_shaking_salt_habit,Shaking the Salt Habit to Lower High Blood Pressure,https://www.heart.org/en/health-topics/high-blood-pressure/changes-you-can-make-to-manage-high-blood-pressure/shaking-the-salt-habit-to-lower-high-blood-pressure,American Heart Association,Academic prototype draft. Text is paraphrased/summarized from the listed public health source; raw source is retained for traceability and the chunk requires human medical review.,needs_review
rag_hypertension_003,hypertension,faq,vi,"Vì sao cần bớt muối khi huyết áp cao? Lý do chính là ăn mặn thường làm lượng natri trong khẩu phần tăng, và điều này có thể khiến cơ thể giữ nước, làm huyết áp khó kiểm soát hơn. Giảm muối không chỉ là nêm nhạt hơn, mà còn là chọn thực phẩm ít chế biến, hạn chế đồ chấm mặn và thử dùng gia vị tạo mùi như hành, tỏi, tiêu, chanh hoặc rau thơm. Câu trả lời này cần được rà soát để phù hợp với khuyến nghị y khoa hiện hành.",aha_sodium_per_day,How Much Sodium Should I Eat Per Day?,https://www.heart.org/en/healthy-living/healthy-eating/eat-smart/sodium/how-much-sodium-should-i-eat-per-day,American Heart Association,Academic prototype draft. Text is paraphrased/summarized from the listed public health source; raw source is retained for traceability and the chunk requires human medical review.,needs_review
rag_hypertension_004,hypertension,lifestyle,vi,"Trong bữa ăn Việt, nước mắm, nước tương, mắm tôm, mắm nêm, dưa cà muối, đồ kho mặn và các gói gia vị có thể làm tổng lượng muối tăng nhanh dù mỗi lần dùng chỉ một ít. Gợi ý an toàn ở mức giáo dục là giảm dần lượng chấm, pha loãng nước chấm, nêm nhạt từ lúc nấu và tăng vị bằng rau thơm hoặc vị chua tự nhiên. Nội dung này có yếu tố bản địa hóa, vì vậy phải giữ review_status là needs_review để chuyên gia Việt Nam kiểm tra.",aha_shaking_salt_habit,Shaking the Salt Habit to Lower High Blood Pressure,https://www.heart.org/en/health-topics/high-blood-pressure/changes-you-can-make-to-manage-high-blood-pressure/shaking-the-salt-habit-to-lower-high-blood-pressure,American Heart Association,Academic prototype draft. Text is paraphrased/summarized from the listed public health source; raw source is retained for traceability and the chunk requires human medical review.,needs_review
rag_gout_001,gout,explanation,vi,"Gout liên quan đến tình trạng acid uric trong máu tăng và hình thành tinh thể tại khớp, gây các đợt đau, sưng, nóng, đỏ, thường xuất hiện đột ngột. Dinh dưỡng không phải là yếu tố duy nhất, nhưng lựa chọn ăn uống có thể góp phần làm cơn gout dễ bùng phát hơn hoặc khó kiểm soát hơn ở một số người. Bản nháp này chỉ giải thích cơ chế chung, không dùng để chẩn đoán đau khớp hay thay thế xét nghiệm acid uric và đánh giá của bác sĩ.",medlineplus_gout,Gout,https://medlineplus.gov/gout.html,NIH MedlinePlus,Academic prototype draft. Text is paraphrased/summarized from the listed public health source; raw source is retained for traceability and the chunk requires human medical review.,needs_review
rag_gout_002,gout,warning,vi,"Một số thực phẩm giàu purine có thể làm tăng acid uric sau khi chuyển hóa, vì vậy người bị gout thường cần thận trọng với nội tạng, một số loại thịt đỏ, nước hầm đậm đặc và vài loại hải sản. Tuy nhiên, mức độ hạn chế nên dựa trên tình trạng bệnh, thuốc đang dùng và tư vấn của bác sĩ hoặc chuyên gia dinh dưỡng. Không nên biến cảnh báo này thành danh sách cấm tuyệt đối cho mọi người nếu chưa có đánh giá cá nhân.",medlineplus_gout_encyclopedia,Gout Medical Encyclopedia,https://medlineplus.gov/ency/article/000422.htm,NIH MedlinePlus,Academic prototype draft. Text is paraphrased/summarized from the listed public health source; raw source is retained for traceability and the chunk requires human medical review.,needs_review
rag_gout_003,gout,warning,vi,"Rượu bia có thể là yếu tố làm cơn gout dễ xuất hiện hơn ở một số người, đặc biệt khi đi kèm ăn nhiều món giàu purine hoặc uống ít nước. Khi người dùng hỏi về gout, hệ thống nên nhắc rằng giảm hoặc tránh bia rượu là một điểm cần trao đổi nghiêm túc với bác sĩ, nhất là nếu đã có cơn đau khớp tái phát. Đây là cảnh báo tổng quát cần review, không phải lời khẳng định rằng mọi trường hợp đều có cùng mức nguy cơ.",medlineplus_gout,Gout,https://medlineplus.gov/gout.html,NIH MedlinePlus,Academic prototype draft. Text is paraphrased/summarized from the listed public health source; raw source is retained for traceability and the chunk requires human medical review.,needs_review
rag_gout_004,gout,explanation,vi,"Thận đóng vai trò quan trọng trong việc đào thải acid uric, nên gout và vấn đề thận có thể liên quan với nhau trong một số tình huống. Người có acid uric cao, đau khớp tái phát, sỏi thận hoặc bệnh thận mạn cần được theo dõi bởi nhân viên y tế thay vì chỉ tự điều chỉnh thực đơn. Nội dung này nên giúp hệ thống nhận diện nhu cầu tư vấn an toàn: khuyến khích khám, xét nghiệm và không tự ý ngừng thuốc gout nếu đang được kê.",medlineplus_uric_acid_blood,Uric Acid Blood,https://medlineplus.gov/ency/article/003476.htm,NIH MedlinePlus,Academic prototype draft. Text is paraphrased/summarized from the listed public health source; raw source is retained for traceability and the chunk requires human medical review.,needs_review
rag_gout_005,gout,faq,vi,"Người bị gout có ăn hải sản được không? Câu trả lời nên thận trọng: một số hải sản có thể chứa nhiều purine hơn và không phù hợp nếu người dùng đang có cơn gout hoặc acid uric chưa kiểm soát tốt. Tuy vậy, không nên đưa ra lệnh cấm chung cho mọi loại hải sản và mọi người bệnh. Hệ thống nên gợi ý hỏi bác sĩ hoặc chuyên gia dinh dưỡng về loại, lượng và tần suất phù hợp với tình trạng cụ thể.",medlineplus_gout_encyclopedia,Gout Medical Encyclopedia,https://medlineplus.gov/ency/article/000422.htm,NIH MedlinePlus,Academic prototype draft. Text is paraphrased/summarized from the listed public health source; raw source is retained for traceability and the chunk requires human medical review.,needs_review
rag_ckd_001,chronic_kidney_disease,explanation,vi,"Trong bệnh thận mạn, chế độ ăn thường cần chú ý đến huyết áp, lượng muối, tình trạng giữ nước và kết quả xét nghiệm. Giảm natri có thể hỗ trợ kiểm soát huyết áp và phù ở một số người, nhưng nhu cầu chất lỏng không giống nhau giữa các giai đoạn bệnh. Vì vậy, nội dung RAG nên dùng cách nói thận trọng: người bệnh cần theo hướng dẫn của bác sĩ hoặc chuyên gia dinh dưỡng thận học thay vì tự đặt giới hạn cứng cho nước uống hay muối.",nkf_nutrition_ckd_stages_1_5,Nutrition and Kidney Disease Stages 1-5,https://www.kidney.org/kidney-topics/nutrition-and-kidney-disease-stages-1-5-not-dialysis,National Kidney Foundation,Academic prototype draft. Text is paraphrased/summarized from the listed public health source; raw source is retained for traceability and the chunk requires human medical review.,needs_review
rag_ckd_002,chronic_kidney_disease,explanation,vi,"Kali là khoáng chất có trong nhiều thực phẩm như trái cây, rau, đậu và một số sản phẩm chế biến. Với bệnh thận mạn, cơ thể có thể khó giữ kali ở mức phù hợp nếu chức năng thận giảm, nhưng không phải ai cũng cần kiêng kali giống nhau. Hệ thống nên khuyến khích người dùng dựa vào xét nghiệm máu và tư vấn chuyên môn trước khi kiêng chuối, cam, khoai hay rau xanh, vì hạn chế sai cách có thể làm bữa ăn nghèo dinh dưỡng.",nkf_potassium_ckd_diet,Potassium in Your CKD Diet,https://www.kidney.org/kidney-topics/potassium-your-ckd-diet,National Kidney Foundation,Academic prototype draft. Text is paraphrased/summarized from the listed public health source; raw source is retained for traceability and the chunk requires human medical review.,needs_review
rag_ckd_003,chronic_kidney_disease,explanation,vi,"Phosphorus là khoáng chất có trong nhiều thực phẩm tự nhiên và cũng có thể xuất hiện dưới dạng phụ gia trong đồ chế biến sẵn. Khi bệnh thận mạn tiến triển, việc kiểm soát phosphorus có thể trở thành một phần của kế hoạch dinh dưỡng, nhưng mức cần hạn chế phụ thuộc vào xét nghiệm, giai đoạn bệnh và điều trị. Nội dung nháp nên nhắc người dùng đọc nhãn thực phẩm và hỏi chuyên gia, tránh tự cắt bỏ nhiều nhóm thức ăn khi chưa được hướng dẫn.",medlineplus_ckd_diet,Diet - Chronic Kidney Disease,https://medlineplus.gov/ency/article/002442.htm,NIH MedlinePlus,Academic prototype draft. Text is paraphrased/summarized from the listed public health source; raw source is retained for traceability and the chunk requires human medical review.,needs_review
rag_ckd_004,chronic_kidney_disease,lifestyle,vi,"Nhu cầu protein ở người bệnh thận mạn không cố định cho tất cả mọi người. Một số người chưa lọc máu có thể cần điều chỉnh lượng protein để giảm gánh nặng cho thận, trong khi người đang lọc máu hoặc có tình trạng khác có thể có nhu cầu khác. Vì vậy, hệ thống không nên khuyên tự giảm thịt, cá, trứng, sữa quá mạnh. Câu trả lời an toàn là cần cá nhân hóa theo giai đoạn bệnh, cân nặng, xét nghiệm và hướng dẫn từ đội ngũ điều trị.",nkf_nutrition_ckd_stages_1_5,Nutrition and Kidney Disease Stages 1-5,https://www.kidney.org/kidney-topics/nutrition-and-kidney-disease-stages-1-5-not-dialysis,National Kidney Foundation,Academic prototype draft. Text is paraphrased/summarized from the listed public health source; raw source is retained for traceability and the chunk requires human medical review.,needs_review
rag_ckd_005,chronic_kidney_disease,warning,vi,"Cảnh báo quan trọng cho bệnh thận mạn: không nên tự kiêng quá nhiều thực phẩm chỉ dựa trên lời truyền miệng hoặc một chỉ số đơn lẻ. Kiêng kali, phosphorus, protein, muối hoặc nước không đúng cách có thể làm bữa ăn thiếu chất, giảm chất lượng sống hoặc không phù hợp với thuốc và giai đoạn bệnh. Mọi gợi ý từ hệ thống phải được xem là thông tin giáo dục, cần bác sĩ hoặc chuyên gia dinh dưỡng thận học rà soát trước khi áp dụng.",medlineplus_ckd_diet,Diet - Chronic Kidney Disease,https://medlineplus.gov/ency/article/002442.htm,NIH MedlinePlus,Academic prototype draft. Text is paraphrased/summarized from the listed public health source; raw source is retained for traceability and the chunk requires human medical review.,needs_review
rag_obesity_001,obesity,explanation,vi,"Thừa cân và béo phì thường liên quan đến cân bằng năng lượng trong thời gian dài: năng lượng nạp vào từ ăn uống cao hơn năng lượng cơ thể sử dụng. Tuy nhiên, cân nặng còn chịu ảnh hưởng bởi giấc ngủ, stress, môi trường sống, thuốc, bệnh nền và khả năng vận động. Vì vậy, hệ thống nên giải thích bằng giọng không phán xét, tập trung vào thay đổi bền vững thay vì đổ lỗi cá nhân hoặc hứa hẹn giảm cân nhanh.",medlineplus_obesity,Obesity,https://medlineplus.gov/obesity.html,NIH MedlinePlus,Academic prototype draft. Text is paraphrased/summarized from the listed public health source; raw source is retained for traceability and the chunk requires human medical review.,needs_review
rag_obesity_002,obesity,lifestyle,vi,"Quản lý cân nặng nên bắt đầu bằng kế hoạch nhỏ và có thể duy trì: đặt mục tiêu thực tế, theo dõi thói quen ăn uống, tăng vận động phù hợp, ngủ đủ hơn và chuẩn bị môi trường ăn uống lành mạnh hơn. Những thay đổi dần dần thường dễ giữ lâu hơn so với chế độ quá khắt khe. Nội dung này là bản nháp giáo dục sức khỏe, cần được chuyên gia kiểm tra trước khi dùng cho người có bệnh nền, rối loạn ăn uống hoặc đang dùng thuốc.",cdc_steps_losing_weight,Steps for Losing Weight,https://www.cdc.gov/healthy-weight-growth/losing-weight/index.html,CDC,Academic prototype draft. Text is paraphrased/summarized from the listed public health source; raw source is retained for traceability and the chunk requires human medical review.,needs_review
rag_obesity_003,obesity,lifestyle,vi,"Một đĩa ăn hỗ trợ kiểm soát cân nặng thường ưu tiên rau, trái cây nguyên dạng, ngũ cốc hoặc tinh bột phù hợp khẩu phần, thực phẩm giàu đạm và chất béo có lợi. Chất xơ và protein có thể giúp no lâu hơn, từ đó giảm nhu cầu ăn vặt nhiều năng lượng. Khi bản địa hóa cho bữa Việt, có thể gợi ý tăng rau, chọn món luộc/hấp, giảm nước chấm ngọt mặn và kiểm soát khẩu phần cơm, nhưng cần review để tránh đơn giản hóa quá mức.",cdc_healthy_eating_weight,Tips for Healthy Eating for a Healthy Weight,https://www.cdc.gov/healthy-weight-growth/healthy-eating/index.html,CDC,Academic prototype draft. Text is paraphrased/summarized from the listed public health source; raw source is retained for traceability and the chunk requires human medical review.,needs_review
rag_obesity_004,obesity,warning,vi,"Không nên khuyến khích chế độ ăn cực đoan, nhịn ăn kéo dài, thuốc giảm cân không rõ nguồn gốc hoặc mẹo giảm cân nhanh chưa được kiểm chứng. Những cách này có thể gây thiếu chất, mệt mỏi, rối loạn ăn uống hoặc tương tác với bệnh nền và thuốc đang dùng. Hệ thống nên hướng người dùng đến kế hoạch an toàn, theo dõi tiến triển và hỏi nhân viên y tế nếu cân nặng đi kèm triệu chứng bất thường hoặc bệnh mạn tính.",medlineplus_obesity,Obesity,https://medlineplus.gov/obesity.html,NIH MedlinePlus,Academic prototype draft. Text is paraphrased/summarized from the listed public health source; raw source is retained for traceability and the chunk requires human medical review.,needs_review
