example_id,user_text,condition_code,language,source_type,review_status,notes
sym_0001,tôi bị tiểu đường type 2 thì nên ăn cơm thế nào,diabetes,vi,synthetic_llm_assisted,needs_review,Synthetic Vietnamese starter utterance for academic MVP; requires human review.
sym_0002,đường huyết của tôi hay tăng sau bữa tối,diabetes,vi,synthetic_llm_assisted,needs_review,Synthetic Vietnamese starter utterance for academic MVP; requires human review.
sym_0003,bị đái tháo đường có uống trà sữa được không,diabetes,vi,synthetic_llm_assisted,needs_review,Synthetic Vietnamese starter utterance for academic MVP; requires human review.
sym_0004,người tiểu đường ăn trái cây gì cho ổn,diabetes,vi,synthetic_llm_assisted,needs_review,Synthetic Vietnamese starter utterance for academic MVP; requires human review.
sym_0005,"tôi mới được chẩn đoán tiểu đường, muốn đổi bữa sáng",diabetes,vi,synthetic_llm_assisted,needs_review,Synthetic Vietnamese starter utterance for academic MVP; requires human review.
sym_0006,ăn bún phở có làm đường huyết tăng nhiều không,diabetes,vi,synthetic_llm_assisted,needs_review,Synthetic Vietnamese starter utterance for academic MVP; requires human review.
sym_0007,"tôi dùng thuốc tiểu đường, có nên bỏ bữa để giảm cân không",diabetes,vi,synthetic_llm_assisted,needs_review,Synthetic Vietnamese starter utterance for academic MVP; requires human review.
sym_0008,bị tiểu đường có cần kiêng hoàn toàn tinh bột không,diabetes,vi,synthetic_llm_assisted,needs_review,Synthetic Vietnamese starter utterance for academic MVP; requires human review.
sym_0009,"đường huyết sau ăn của tôi cao, nên chia bữa sao",diabetes,vi,synthetic_llm_assisted,needs_review,Synthetic Vietnamese starter utterance for academic MVP; requires human review.
sym_0010,tôi muốn thực đơn ít đường cho người tiểu đường,diabetes,vi,synthetic_llm_assisted,needs_review,Synthetic Vietnamese starter utterance for academic MVP; requires human review.
sym_0011,ba tôi bị tiểu đường mà thích uống nước ngọt,diabetes,vi,synthetic_llm_assisted,needs_review,Synthetic Vietnamese starter utterance for academic MVP; requires human review.
sym_0012,tiểu đường type 2 ăn khoai lang thay cơm được không,diabetes,vi,synthetic_llm_assisted,needs_review,Synthetic Vietnamese starter utterance for academic MVP; requires human review.
sym_0013,"tôi bị đường huyết cao, muốn ăn vặt lành mạnh hơn",diabetes,vi,synthetic_llm_assisted,needs_review,Synthetic Vietnamese starter utterance for academic MVP; requires human review.
sym_0014,bữa cơm cho người tiểu đường nên có rau gì,diabetes,vi,synthetic_llm_assisted,needs_review,Synthetic Vietnamese starter utterance for academic MVP; requires human review.
sym_0015,"tôi bị tiểu đường và thừa cân, nên bắt đầu từ đâu",diabetes,vi,synthetic_llm_assisted,needs_review,Synthetic Vietnamese starter utterance for academic MVP; requires human review.
sym_0016,người đái tháo đường có ăn xôi được không,diabetes,vi,synthetic_llm_assisted,needs_review,Synthetic Vietnamese starter utterance for academic MVP; requires human review.
sym_0017,đường máu lúc đói của tôi cao nhiều lần,diabetes,vi,synthetic_llm_assisted,needs_review,Synthetic Vietnamese starter utterance for academic MVP; requires human review.
sym_0018,tôi muốn giảm đồ ngọt nhưng vẫn đủ năng lượng,diabetes,vi,synthetic_llm_assisted,needs_review,Synthetic Vietnamese starter utterance for academic MVP; requires human review.
sym_0019,"mẹ tôi bị tiểu đường, hay đói vào buổi chiều",diabetes,vi,synthetic_llm_assisted,needs_review,Synthetic Vietnamese starter utterance for academic MVP; requires human review.
sym_0020,bị tiểu đường có cần đọc nhãn dinh dưỡng không,diabetes,vi,synthetic_llm_assisted,needs_review,Synthetic Vietnamese starter utterance for academic MVP; requires human review.
sym_0021,"em mới phát hiện đường huyết cao, bác sĩ bảo coi chừng tiểu đường",prediabetes,vi,synthetic_llm_assisted,needs_review,Synthetic Vietnamese starter utterance for academic MVP; requires human review.
sym_0022,tôi bị tiền đái tháo đường thì ăn uống sao để không nặng hơn,prediabetes,vi,synthetic_llm_assisted,needs_review,Synthetic Vietnamese starter utterance for academic MVP; requires human review.
sym_0023,xét nghiệm nói tôi nguy cơ tiểu đường type 2,prediabetes,vi,synthetic_llm_assisted,needs_review,Synthetic Vietnamese starter utterance for academic MVP; requires human review.
sym_0024,đường huyết hơi cao nhưng chưa phải tiểu đường,prediabetes,vi,synthetic_llm_assisted,needs_review,Synthetic Vietnamese starter utterance for academic MVP; requires human review.
sym_0025,bác sĩ dặn tôi giảm cân vì tiền tiểu đường,prediabetes,vi,synthetic_llm_assisted,needs_review,Synthetic Vietnamese starter utterance for academic MVP; requires human review.
sym_0026,tôi muốn phòng tiểu đường khi mới phát hiện tiền đái tháo đường,prediabetes,vi,synthetic_llm_assisted,needs_review,Synthetic Vietnamese starter utterance for academic MVP; requires human review.
sym_0027,tiền tiểu đường có cần bỏ hẳn cơm không,prediabetes,vi,synthetic_llm_assisted,needs_review,Synthetic Vietnamese starter utterance for academic MVP; requires human review.
sym_0028,tôi nên vận động thế nào khi đường huyết cận cao,prediabetes,vi,synthetic_llm_assisted,needs_review,Synthetic Vietnamese starter utterance for academic MVP; requires human review.
sym_0029,"gia đình tôi nhiều người tiểu đường, tôi đang tiền đái tháo đường",prediabetes,vi,synthetic_llm_assisted,needs_review,Synthetic Vietnamese starter utterance for academic MVP; requires human review.
sym_0030,"tôi hay uống nước ngọt, giờ xét nghiệm báo đường cao",prediabetes,vi,synthetic_llm_assisted,needs_review,Synthetic Vietnamese starter utterance for academic MVP; requires human review.
sym_0031,tiền đái tháo đường có ăn trái cây được không,prediabetes,vi,synthetic_llm_assisted,needs_review,Synthetic Vietnamese starter utterance for academic MVP; requires human review.
sym_0032,tôi muốn đổi thói quen ăn sáng để giảm nguy cơ tiểu đường,prediabetes,vi,synthetic_llm_assisted,needs_review,Synthetic Vietnamese starter utterance for academic MVP; requires human review.
sym_0033,bị tiền tiểu đường có cần theo dõi cân nặng không,prediabetes,vi,synthetic_llm_assisted,needs_review,Synthetic Vietnamese starter utterance for academic MVP; requires human review.
sym_0034,tôi ngồi văn phòng nhiều và đường huyết bắt đầu cao,prediabetes,vi,synthetic_llm_assisted,needs_review,Synthetic Vietnamese starter utterance for academic MVP; requires human review.
sym_0035,bác sĩ khuyên tôi tham gia chương trình thay đổi lối sống,prediabetes,vi,synthetic_llm_assisted,needs_review,Synthetic Vietnamese starter utterance for academic MVP; requires human review.
sym_0036,tôi muốn thực đơn đơn giản cho giai đoạn tiền tiểu đường,prediabetes,vi,synthetic_llm_assisted,needs_review,Synthetic Vietnamese starter utterance for academic MVP; requires human review.
sym_0037,đường máu cao nhẹ có thể cải thiện bằng ăn uống không,prediabetes,vi,synthetic_llm_assisted,needs_review,Synthetic Vietnamese starter utterance for academic MVP; requires human review.
sym_0038,tôi sợ chuyển thành tiểu đường type 2,prediabetes,vi,synthetic_llm_assisted,needs_review,Synthetic Vietnamese starter utterance for academic MVP; requires human review.
sym_0039,tiền đái tháo đường nên giảm đồ ngọt thế nào,prediabetes,vi,synthetic_llm_assisted,needs_review,Synthetic Vietnamese starter utterance for academic MVP; requires human review.
sym_0040,tôi cần lời khuyên dễ làm để phòng tiểu đường,prediabetes,vi,synthetic_llm_assisted,needs_review,Synthetic Vietnamese starter utterance for academic MVP; requires human review.
sym_0041,"bác sĩ nói huyết áp tôi cao, có cần bớt ăn mặn không",hypertension,vi,synthetic_llm_assisted,needs_review,Synthetic Vietnamese starter utterance for academic MVP; requires human review.
sym_0042,tôi bị tăng huyết áp mà vẫn hay ăn nước mắm mặn,hypertension,vi,synthetic_llm_assisted,needs_review,Synthetic Vietnamese starter utterance for academic MVP; requires human review.
sym_0043,huyết áp cao có nên giảm mì gói không,hypertension,vi,synthetic_llm_assisted,needs_review,Synthetic Vietnamese starter utterance for academic MVP; requires human review.
sym_0044,ăn dưa muối nhiều có ảnh hưởng huyết áp không,hypertension,vi,synthetic_llm_assisted,needs_review,Synthetic Vietnamese starter utterance for academic MVP; requires human review.
sym_0045,tôi muốn nấu nhạt hơn cho người cao huyết áp,hypertension,vi,synthetic_llm_assisted,needs_review,Synthetic Vietnamese starter utterance for academic MVP; requires human review.
sym_0046,"ba tôi tăng huyết áp, thích đồ kho mặn",hypertension,vi,synthetic_llm_assisted,needs_review,Synthetic Vietnamese starter utterance for academic MVP; requires human review.
sym_0047,huyết áp cao có cần đọc lượng natri trên nhãn không,hypertension,vi,synthetic_llm_assisted,needs_review,Synthetic Vietnamese starter utterance for academic MVP; requires human review.
sym_0048,"tôi bị cao huyết áp, nên chọn đồ ăn sáng thế nào",hypertension,vi,synthetic_llm_assisted,needs_review,Synthetic Vietnamese starter utterance for academic MVP; requires human review.
sym_0049,ăn ngoài hàng nhiều làm huyết áp khó kiểm soát không,hypertension,vi,synthetic_llm_assisted,needs_review,Synthetic Vietnamese starter utterance for academic MVP; requires human review.
sym_0050,tôi muốn giảm muối nhưng sợ đồ ăn nhạt quá,hypertension,vi,synthetic_llm_assisted,needs_review,Synthetic Vietnamese starter utterance for academic MVP; requires human review.
sym_0051,người tăng huyết áp có dùng nước tương được không,hypertension,vi,synthetic_llm_assisted,needs_review,Synthetic Vietnamese starter utterance for academic MVP; requires human review.
sym_0052,"tôi hay phù chân và huyết áp cao, nên hỏi gì khi khám",hypertension,vi,synthetic_llm_assisted,needs_review,Synthetic Vietnamese starter utterance for academic MVP; requires human review.
sym_0053,cao huyết áp có nên hạn chế đồ hộp không,hypertension,vi,synthetic_llm_assisted,needs_review,Synthetic Vietnamese starter utterance for academic MVP; requires human review.
sym_0054,bị huyết áp cao uống nước ngọt có sao không,hypertension,vi,synthetic_llm_assisted,needs_review,Synthetic Vietnamese starter utterance for academic MVP; requires human review.
sym_0055,tôi cần gợi ý món Việt ít mặn hơn,hypertension,vi,synthetic_llm_assisted,needs_review,Synthetic Vietnamese starter utterance for academic MVP; requires human review.
sym_0056,huyết áp cao có liên quan đến muối như thế nào,hypertension,vi,synthetic_llm_assisted,needs_review,Synthetic Vietnamese starter utterance for academic MVP; requires human review.
sym_0057,mẹ tôi cao huyết áp và ăn rất mặn,hypertension,vi,synthetic_llm_assisted,needs_review,Synthetic Vietnamese starter utterance for academic MVP; requires human review.
sym_0058,tôi muốn đổi gia vị để bớt muối,hypertension,vi,synthetic_llm_assisted,needs_review,Synthetic Vietnamese starter utterance for academic MVP; requires human review.
sym_0059,đồ ăn nhanh có làm tăng natri không,hypertension,vi,synthetic_llm_assisted,needs_review,Synthetic Vietnamese starter utterance for academic MVP; requires human review.
sym_0060,"tôi bị tăng huyết áp, nên tránh snack mặn không",hypertension,vi,synthetic_llm_assisted,needs_review,Synthetic Vietnamese starter utterance for academic MVP; requires human review.
sym_0061,"tôi bị axit uric cao, hay đau ngón chân cái",gout,vi,synthetic_llm_assisted,needs_review,Synthetic Vietnamese starter utterance for academic MVP; requires human review.
sym_0062,bị gout có nên kiêng hải sản không,gout,vi,synthetic_llm_assisted,needs_review,Synthetic Vietnamese starter utterance for academic MVP; requires human review.
sym_0063,tôi uống bia xong hay đau khớp bàn chân,gout,vi,synthetic_llm_assisted,needs_review,Synthetic Vietnamese starter utterance for academic MVP; requires human review.
sym_0064,acid uric cao thì ăn thịt đỏ thế nào,gout,vi,synthetic_llm_assisted,needs_review,Synthetic Vietnamese starter utterance for academic MVP; requires human review.
sym_0065,gout có liên quan đến thận không,gout,vi,synthetic_llm_assisted,needs_review,Synthetic Vietnamese starter utterance for academic MVP; requires human review.
sym_0066,"tôi bị gout, có ăn nước hầm xương được không",gout,vi,synthetic_llm_assisted,needs_review,Synthetic Vietnamese starter utterance for academic MVP; requires human review.
sym_0067,đang đau gout thì nên tránh món gì,gout,vi,synthetic_llm_assisted,needs_review,Synthetic Vietnamese starter utterance for academic MVP; requires human review.
sym_0068,tôi muốn giảm cơn gout bằng ăn uống,gout,vi,synthetic_llm_assisted,needs_review,Synthetic Vietnamese starter utterance for academic MVP; requires human review.
sym_0069,bị gout có cần uống nhiều nước hơn không,gout,vi,synthetic_llm_assisted,needs_review,Synthetic Vietnamese starter utterance for academic MVP; requires human review.
sym_0070,tôi có sỏi thận và acid uric cao,gout,vi,synthetic_llm_assisted,needs_review,Synthetic Vietnamese starter utterance for academic MVP; requires human review.
sym_0071,người gout ăn đậu phụ được không,gout,vi,synthetic_llm_assisted,needs_review,Synthetic Vietnamese starter utterance for academic MVP; requires human review.
sym_0072,tôi bị gout nhưng rất thích nội tạng,gout,vi,synthetic_llm_assisted,needs_review,Synthetic Vietnamese starter utterance for academic MVP; requires human review.
sym_0073,cơn đau gout của tôi tái phát sau tiệc nhậu,gout,vi,synthetic_llm_assisted,needs_review,Synthetic Vietnamese starter utterance for academic MVP; requires human review.
sym_0074,axit uric cao nhưng chưa đau khớp thì có cần kiêng không,gout,vi,synthetic_llm_assisted,needs_review,Synthetic Vietnamese starter utterance for academic MVP; requires human review.
sym_0075,gout có ăn cá biển được không,gout,vi,synthetic_llm_assisted,needs_review,Synthetic Vietnamese starter utterance for academic MVP; requires human review.
sym_0076,"tôi đang uống thuốc gout, có cần đổi chế độ ăn không",gout,vi,synthetic_llm_assisted,needs_review,Synthetic Vietnamese starter utterance for academic MVP; requires human review.
sym_0077,bị gout nên chọn bữa tối nhẹ thế nào,gout,vi,synthetic_llm_assisted,needs_review,Synthetic Vietnamese starter utterance for academic MVP; requires human review.
sym_0078,món lẩu có làm gout nặng hơn không,gout,vi,synthetic_llm_assisted,needs_review,Synthetic Vietnamese starter utterance for academic MVP; requires human review.
sym_0079,tôi đau sưng đỏ khớp ngón chân sau khi ăn nhậu,gout,vi,synthetic_llm_assisted,needs_review,Synthetic Vietnamese starter utterance for academic MVP; requires human review.
sym_0080,người bị gout cần hỏi bác sĩ những gì về ăn uống,gout,vi,synthetic_llm_assisted,needs_review,Synthetic Vietnamese starter utterance for academic MVP; requires human review.
sym_0081,"tôi bị bệnh thận mạn, có cần kiêng chuối không",chronic_kidney_disease,vi,synthetic_llm_assisted,needs_review,Synthetic Vietnamese starter utterance for academic MVP; requires human review.
sym_0082,"bác sĩ nói thận yếu, tôi nên ăn nhạt hơn không",chronic_kidney_disease,vi,synthetic_llm_assisted,needs_review,Synthetic Vietnamese starter utterance for academic MVP; requires human review.
sym_0083,bệnh thận mạn có cần giảm đạm không,chronic_kidney_disease,vi,synthetic_llm_assisted,needs_review,Synthetic Vietnamese starter utterance for academic MVP; requires human review.
sym_0084,"tôi bị suy thận, không biết nên uống bao nhiêu nước",chronic_kidney_disease,vi,synthetic_llm_assisted,needs_review,Synthetic Vietnamese starter utterance for academic MVP; requires human review.
sym_0085,bị thận mạn có phải kiêng hết rau xanh không,chronic_kidney_disease,vi,synthetic_llm_assisted,needs_review,Synthetic Vietnamese starter utterance for academic MVP; requires human review.
sym_0086,kali cao thì nên hỏi bác sĩ về món gì,chronic_kidney_disease,vi,synthetic_llm_assisted,needs_review,Synthetic Vietnamese starter utterance for academic MVP; requires human review.
sym_0087,tôi bệnh thận mạn và huyết áp cao,chronic_kidney_disease,vi,synthetic_llm_assisted,needs_review,Synthetic Vietnamese starter utterance for academic MVP; requires human review.
sym_0088,người bệnh thận có cần tránh đồ hộp không,chronic_kidney_disease,vi,synthetic_llm_assisted,needs_review,Synthetic Vietnamese starter utterance for academic MVP; requires human review.
sym_0089,"tôi nghe nói suy thận phải kiêng trái cây, đúng không",chronic_kidney_disease,vi,synthetic_llm_assisted,needs_review,Synthetic Vietnamese starter utterance for academic MVP; requires human review.
sym_0090,bị thận mạn có ăn trứng được không,chronic_kidney_disease,vi,synthetic_llm_assisted,needs_review,Synthetic Vietnamese starter utterance for academic MVP; requires human review.
sym_0091,phospho là gì mà bác sĩ nhắc trong bệnh thận,chronic_kidney_disease,vi,synthetic_llm_assisted,needs_review,Synthetic Vietnamese starter utterance for academic MVP; requires human review.
sym_0092,"tôi đang theo dõi creatinine, muốn ăn uống an toàn hơn",chronic_kidney_disease,vi,synthetic_llm_assisted,needs_review,Synthetic Vietnamese starter utterance for academic MVP; requires human review.
sym_0093,bệnh thận mạn giai đoạn đầu nên chú ý gì khi ăn,chronic_kidney_disease,vi,synthetic_llm_assisted,needs_review,Synthetic Vietnamese starter utterance for academic MVP; requires human review.
sym_0094,tôi có kết quả kali máu cao,chronic_kidney_disease,vi,synthetic_llm_assisted,needs_review,Synthetic Vietnamese starter utterance for academic MVP; requires human review.
sym_0095,người bệnh thận có nên tự cắt hết thịt cá không,chronic_kidney_disease,vi,synthetic_llm_assisted,needs_review,Synthetic Vietnamese starter utterance for academic MVP; requires human review.
sym_0096,tôi lọc máu thì chế độ ăn có khác không,chronic_kidney_disease,vi,synthetic_llm_assisted,needs_review,Synthetic Vietnamese starter utterance for academic MVP; requires human review.
sym_0097,"mẹ tôi bệnh thận mạn, ăn uống rất kém",chronic_kidney_disease,vi,synthetic_llm_assisted,needs_review,Synthetic Vietnamese starter utterance for academic MVP; requires human review.
sym_0098,bị thận có nên hạn chế nước chấm mặn không,chronic_kidney_disease,vi,synthetic_llm_assisted,needs_review,Synthetic Vietnamese starter utterance for academic MVP; requires human review.
sym_0099,tôi muốn hỏi chuyên gia dinh dưỡng thận về khẩu phần,chronic_kidney_disease,vi,synthetic_llm_assisted,needs_review,Synthetic Vietnamese starter utterance for academic MVP; requires human review.
sym_0100,suy thận có cần đọc nhãn phụ gia phosphate không,chronic_kidney_disease,vi,synthetic_llm_assisted,needs_review,Synthetic Vietnamese starter utterance for academic MVP; requires human review.
sym_0101,"tôi thừa cân, muốn giảm cân nhưng vẫn đủ chất",obesity,vi,synthetic_llm_assisted,needs_review,Synthetic Vietnamese starter utterance for academic MVP; requires human review.
sym_0102,béo phì thì nên bắt đầu ăn uống lành mạnh từ đâu,obesity,vi,synthetic_llm_assisted,needs_review,Synthetic Vietnamese starter utterance for academic MVP; requires human review.
sym_0103,tôi muốn giảm cân nhưng hay đói buổi tối,obesity,vi,synthetic_llm_assisted,needs_review,Synthetic Vietnamese starter utterance for academic MVP; requires human review.
sym_0104,giảm cân có cần bỏ hoàn toàn tinh bột không,obesity,vi,synthetic_llm_assisted,needs_review,Synthetic Vietnamese starter utterance for academic MVP; requires human review.
sym_0105,tôi uống nước ngọt mỗi ngày và tăng cân,obesity,vi,synthetic_llm_assisted,needs_review,Synthetic Vietnamese starter utterance for academic MVP; requires human review.
sym_0106,muốn giảm cân an toàn thì tập và ăn thế nào,obesity,vi,synthetic_llm_assisted,needs_review,Synthetic Vietnamese starter utterance for academic MVP; requires human review.
sym_0107,"tôi bị béo bụng, nên đổi bữa sáng ra sao",obesity,vi,synthetic_llm_assisted,needs_review,Synthetic Vietnamese starter utterance for academic MVP; requires human review.
sym_0108,ăn nhiều rau có giúp no lâu khi giảm cân không,obesity,vi,synthetic_llm_assisted,needs_review,Synthetic Vietnamese starter utterance for academic MVP; requires human review.
sym_0109,tôi sợ ăn kiêng quá mức rồi thiếu chất,obesity,vi,synthetic_llm_assisted,needs_review,Synthetic Vietnamese starter utterance for academic MVP; requires human review.
sym_0110,béo phì có liên quan huyết áp và đường huyết không,obesity,vi,synthetic_llm_assisted,needs_review,Synthetic Vietnamese starter utterance for academic MVP; requires human review.
sym_0111,tôi muốn kiểm soát khẩu phần cơm để giảm cân,obesity,vi,synthetic_llm_assisted,needs_review,Synthetic Vietnamese starter utterance for academic MVP; requires human review.
sym_0112,giảm cân nhanh bằng thuốc không rõ nguồn gốc có nguy hiểm không,obesity,vi,synthetic_llm_assisted,needs_review,Synthetic Vietnamese starter utterance for academic MVP; requires human review.
sym_0113,tôi hay ăn vặt khi căng thẳng nên khó giảm cân,obesity,vi,synthetic_llm_assisted,needs_review,Synthetic Vietnamese starter utterance for academic MVP; requires human review.
sym_0114,thừa cân thì nên chọn đồ uống gì,obesity,vi,synthetic_llm_assisted,needs_review,Synthetic Vietnamese starter utterance for academic MVP; requires human review.
sym_0115,tôi muốn kế hoạch giảm cân từ từ,obesity,vi,synthetic_llm_assisted,needs_review,Synthetic Vietnamese starter utterance for academic MVP; requires human review.
sym_0116,bữa ăn giảm cân có cần nhiều đạm không,obesity,vi,synthetic_llm_assisted,needs_review,Synthetic Vietnamese starter utterance for academic MVP; requires human review.
sym_0117,"tôi ngồi nhiều, ít vận động và tăng cân",obesity,vi,synthetic_llm_assisted,needs_review,Synthetic Vietnamese starter utterance for academic MVP; requires human review.
sym_0118,muốn giảm cân có nên nhịn ăn sáng không,obesity,vi,synthetic_llm_assisted,needs_review,Synthetic Vietnamese starter utterance for academic MVP; requires human review.
sym_0119,tôi cần món Việt ít năng lượng hơn,obesity,vi,synthetic_llm_assisted,needs_review,Synthetic Vietnamese starter utterance for academic MVP; requires human review.
sym_0120,béo phì mà có bệnh nền thì nên hỏi bác sĩ trước không,obesity,vi,synthetic_llm_assisted,needs_review,Synthetic Vietnamese starter utterance for academic MVP; requires human review.
